page,text
1,"LAMPIRANLAMPIRAN
DATA BENCANADATA BENCANAINDONESIA 2024INDONESIA 2024
Data Bencana Indonesia 2024
109"
2,"Tabel L1. Kejadian Bencana di Indonesia Tahun 2024 Berdasarkan Jenis Kejadian
Tabel L2. Kejadian Bencana di Indonesia Tahun 2024 Berdasarkan ProvinsiJenis Bencana Jumlah 
KejadianKorban Kerusakan
Meninggal 
& HilangLuka-
LukaMengungsi & 
TerdampakRumah Fasillitas 
PendidikanFasilitas 
PeribadatanFasilitas 
Kesehatan Rusak 
BeratRusak 
SedangRusak 
RinganTerendam
Jiwa Unit
(1) (2) (3) (4) (5) (6) (7) (8) (9) (10) (11) (12)
BANJIR  1.420  235  10.920  6.301.056  4.066  6.351  22.247  1.237.372  59  54  23 
KEBAKARAN HUTAN DAN 
LAHAN 973  1  4  838  16  1  -    -    -    -    -   
CUACA EKSTREM  733  68  237  82.486  2.002  3.821  16.540  -    297  75  10 
TANAH LONGSOR  207  235  123  59.531  2.502  1.304  3.279  -    25  12  5 
KEKERINGAN  89  -    -    1.480.331  -    -    -    -    -    -    -   
GELOMBANG PASANG & ABRASI 27  8  1  4.352  42  11  108  501  1  2  -   
GEMPA BUMI  15  1  181  116.520  1.916  3.795  9.320  -    205  267  17 
ERUPSI GUNUNG API  8  55  65  91.157  2.560  12  411  235  25  5  27 
JUMLAH  3.472  603  11.531  8.136.271  13.104  15.295  51.905  1.238.108  612  415  82 
Kode 
Wilayah 
ProvinsiNama Provinsi Jumlah 
KejadianKorban Kerusakan
Meninggal 
& HilangLuka-
LukaMengungsi 
& 
TerdampakRumah Fasillitas 
PendidikanFasilitas 
PeribadatanFasilitas 
Kesehatan Rusak 
BeratRusak 
SedangRusak 
RinganTerendam
Jiwa Unit
(1) (2) (3) (4) (5) (6) (7) (8) (9) (10) (11) (12) (13)
11 ACEH  99  9  2  250.991  105  64  174  29.834  3  -  - 
12 SUMATERA UTARA  350  51  167  362.186  315  236  787  69.117  21  10  - 
13 SUMATERA BARAT  98  140  88  312.002  1.572  5.121  6.317  68.844  21  15  5 
14 RIAU  68  -  -  249.662  45  14  152  58.064  2  3  16 
15 JAMBI  132  4  5  316.097  74  58  429  86.147  4  5  - 
16 SUMATERA SELATAN  271  15  17  608.823  561  226  635  103.894  1  1  - 
17 BENGKULU  18  2  1  20.551  88  46  383  3.886  -  3  - 
18 LAMPUNG  60  5  9  57.341  73  192  348  10.668  1  1  1 
19 KEPULAUAN BANGKA BELITUNG 24  -  2  3.161  -  -  39  563  -  -  - 
21 KEPULAUAN RIAU  79  5  5  6.098  49  114  696  204  -  -  - 
31 DKI JAKARTA  19  3  2  9.968  -  20  16  2.729  -  -  - 
32 JAWA BARAT  461  60  10.645  771.772  2.932  5.056  22.290  115.820  91  70  10 
33 JAWA TENGAH  231  38  46  1.660.159  313  674  4.560  231.645  229  25  2 
34 DAERAH ISTIMEWA YOGYAKARTA 62  3  8  57.202  19  96  1.690  -  21  16  2 
35 JAWA TIMUR  434  30  56  425.931  1.095  2.006  8.047  54.686  134  220  8 
36 BANTEN  97  9  6  143.048  110  122  677  13.899  2  1  - 
51 BALI  35  14  18  7  73  85  153  -  5  9  - 
110
Data Bencana Indonesia 2024LAMPIRAN DATA BENCANA INDONESIA TAHUN 2024"
3,"Tabel L2. Kejadian Bencana di Indonesia Tahun 2024 Berdasarkan Provinsi (Lanjutan)
52 NUSA TENGGARA 
BARAT 77  2  10  609.963  137  170  446  7.243  4  1  1 
53 NUSA TENGGARA TIMUR 53  31  69  77.901  2.489  84  267  5.235  29  9  29 
61 KALIMANTAN BARAT  69  4  2  452.721  25  7  21  96.097  4  -  - 
62 KALIMANTAN TENGAH 56  5  2  332.197  -  -  -  70.652  -  -  - 
63 KALIMANTAN SELATAN 26  -  -  50.246  9  8  28  14.665  1  1  - 
64 KALIMANTAN TIMUR  144  1  1  52.364  128  5  100  12.120  -  2  - 
65 KALIMANTAN UTARA  10  3  -  25.924  787  -  5  5.551  -  -  - 
71 SULAWESI UTARA  23  1  3  74.095  95  156  633  13.433  1  -  - 
72 SULAWESI TENGAH  94  6  4  68.284  155  254  315  12.120  3  4  3 
73 SULAWESI SELATAN  165  59  89  795.780  396  242  721  93.166  7  2  - 
74 SULAWESI TENGGARA 20  2  3  36.084  20  17  51  7.217  -  -  - 
75 GORONTALO  35  45  235  160.810  49  -  77  28.436  -  1  - 
76 SULAWESI BARAT  22  1  3  23.386  64  50  211  2.749  1  -  - 
81 MALUKU  36  7  3  23.886  77  85  194  3.885  1  2  - 
82 MALUKU UTARA  55  23  25  46.588  66  81  169  5.016  -  2  - 
91 P A P U A  19  2  -  7.739  1  -  316  1.589  4  7  - 
92 PAPUA BARAT  18  4  1  14.503  8  -  59  1.740  -  3  - 
93 PAPUA SELATAN  3  -  -  3.805  7  6  836  258  1  1  - 
94 PAPUA TENGAH  5  19  4  5.357  -  -  -  495  -  -  - 
95 PAPUA PEGUNUNGAN 3  -  -  4.680  1.146  -  44  -  21  1  5 
96 PAPUA BARAT DAYA  4  -  -  14.959  21  -  19  6.441  -  -  - Kode 
Wilayah 
ProvinsiNama Provinsi Jumlah 
KejadianKorban Kerusakan
Meninggal 
& HilangLuka-
LukaMengungsi 
& 
TerdampakRumah Fasillitas 
PendidikanFasilitas 
PeribadatanFasilitas 
Kesehatan Rusak 
BeratRusak 
SedangRusak 
RinganTerendam
Jiwa Unit
(1) (2) (3) (4) (5) (6) (7) (8) (9) (10) (11) (12) (13)
Data Bencana Indonesia 2024
111"
4,"Tabel L3. Kejadian Bencana Indonesia Tahun 2024 Berdasarkan Kabupaten/Kota
Kode 
Wilayah 
ProvinsiNama Provinsi Kode 
Wilayah 
Kabupaten 
/ KotaNama Kabupaten/
KotaJumlah 
KejadianKorban Kerusakan
Meninggal 
& HilangLuka-
LukaMengungsi 
& 
TerdampakRumah Fasillitas 
PendidikanFasilitas 
PeribadatanFasilitas 
Kesehatan Rusak 
BeratRusak 
SedangRusak 
RinganTerendam
Jiwa Unit
(1) (2) (3) (4) (5) (6) (7) (8) (9) (10) (11) (12) (13) (14) (15)
11 ACEH 1101 ACEH SELATAN  9  -  -  25.292  4.339  -  -  - 
1102 ACEH TENGGARA  10  1  -  9.821  25  16  24  1.313  -  -  - 
1103 ACEH TIMUR  3  -  -  2.338  12  19  43  252  -  -  - 
1104 ACEH TENGAH  4  4  -  473  9  10  6  88  -  -  - 
1105 ACEH BARAT  7  3  -  8.828  1  2.890  -  -  - 
1106 ACEH BESAR  12  -  -  19.424  2  1  1  1  -  - 
1107 PIDIE  3  -  -  86.870  1  6.189  1  -  - 
1108 ACEH UTARA  3  -  -  5.130  14  53  1.363  -  -  - 
1109 SIMEULUE  1  -  -  320  64  -  -  - 
1110 ACEH SINGKIL  5  -  -  35.140  2  4  12  1.915  -  -  - 
1111 BIREUEN  5  -  -  16.372  6  5  3  3.729  -  -  - 
1112 ACEH BARAT DAYA  2  -  1  124  3  14  -  -  - 
1113 GAYO LUES  3  -  -  180  24  8  -  -  - 
1114 ACEH JAYA  11  -  -  8.860  5  3  9  2.365  -  -  - 
1115 NAGAN RAYA  4  -  -  9.116  2.776  -  -  - 
1116 ACEH TAMIANG  1  -  -  6.415  1  -  -  - 
1117 BENER MERIAH  8  -  -  -  -  -  - 
1118 PIDIE JAYA  2  -  -  380  6  70  -  -  - 
1171 KOTA BANDA ACEH  1  1  1  4  1  1  -  - 
1175 KOTA 
SUBULUSSALAM 5  -  -  15.904  2.481  -  -  - 
12 SUMATERA UTARA1201 TAPANULI TENGAH  4  -  -  1.450  1  13  50  -  -  - 
1202 TAPANULI UTARA  7  5  24  668  27  10  190  -  1  - 
1203 TAPANULI SELATAN  13  3  87  6.070  106  305  645  1  -  - 
1205 LANGKAT  24  1  11  28.318  8.815  -  -  - 
1206 KARO  33  13  -  655  17  4  -  1  - 
1207 DELI SERDANG  34  18  37  67.246  76  128  137  2.949  4  5  - 
1208 SIMALUNGUN  15  2  1  1.373  13  11  138  163  -  -  - 
1209 ASAHAN  14  -  -  33.946  6.779  -  -  - 
1210 LABUHANBATU  22  2  -  158  30  -  -  - 
1211 DAIRI  13  -  -  2.304  16  4  39  5  -  -  - 
1212 TOBA  9  -  20  6  -  -  - 
1213 MANDAILING NATAL  10  -  1  960  11  12  229  -  -  - 
1215 PAKPAK BHARAT  2  -  1.095  -  -  - 
1216 HUMBANG HASUNDUTAN 2  -  5  1  5  -  - 
1217 SAMOSIR  15  2  5  8  1  6  -  1  - 
1218 SERDANG BEDAGAI  9  -  -  15.742  8  12  3.649  -  -  - 
1219 BATU BARA  3  -  60  8  2  405  3  -  - 
1220 PADANG LAWAS UTARA 19  -  -  480  110  -  -  - 
1221 PADANG LAWAS  19  4  1  7.984  6  13  75  2.077  8  2  - 
1222 LABUHANBATU SELATAN 13  -  -  7.471  1.486  -  -  - LAMPIRAN DATA BENCANA INDONESIA TAHUN 2024
112
Data Bencana Indonesia 2024"
5,"Tabel L3. Kejadian Bencana Indonesia Tahun 2024 Berdasarkan Kabupaten/Kota (Lanjutan)
1223 LABUHANBATU 
UTARA 24  -  -  23.277  9  27  23  2.570  -  -  - 
1224 NIAS UTARA  2  -  -  3.200  600  -  -  - 
1225 NIAS BARAT  2  -  8.545  2.107  -  -  - 
1271 KOTA MEDAN  13  -  -  42.634  33  15  11.366  -  -  - 
1272 KOTA PEMATANGSIANTAR 4  -  180  16  3  4  30  -  -  - 
1273 KOTA SIBOLGA  1  -  -  1.565  313  -  -  - 
1274 KOTA TANJUNG BALAI 4  -  -  62.322  14.029  -  -  - 
1275 KOTA BINJAI  6  -  -  28.593  5  1  6.882  -  -  - 
1276 KOTA TEBING TINGGI  2  -  11.037  3.044  -  -  - 
1277 KOTA PADANG SIDEMPUAN 8  1  -  1.850  467  -  -  - 
1278 KOTA GUNUNGSITOLI 4  -  -  2.970  123  -  -  - 
13 SUMATERA BARAT1301 PESISIR SELATAN  15  30  -  175.984  1.183  4.325  4.673  36.721  -  -  - 
1302 SOLOK  5  13  12  696  16  35  -  -  - 
1303 SIJUNJUNG  8  -  -  4.579  6  64  1.050  -  1  - 
1304 TANAH DATAR  6  43  2  6.434  173  41  3  230  -  1  - 
1305 PADANG PARIAMAN  8  13  36  36.578  24  58  12  10.684  -  -  - 
1306 AGAM  10  28  23  5.878  66  42  302  343  5  7  - 
1307 LIMA PULUH KOTA  8  5  -  6.055  15  825  1.197  -  3  1 
1308 PASAMAN  2  -  -  2.205  441  1  1  - 
1309 KEPULAUAN MENTAWAI 3  -  -  4.131  34  833  -  -  - 
1310 DHARMASRAYA  9  3  1  8.366  606  211  2.904  11  -  - 
1311 SOLOK SELATAN  7  -  -  1.918  20  25  37  389  -  -  - 
1312 PASAMAN BARAT  6  1  -  2.895  14  3  1.357  -  -  - 
1371 KOTA PADANG  3  2  12  47.831  54  82  10.960  2  -  4 
1372 KOTA SOLOK  1  -  -  3.028  692  -  -  - 
1373 KOTA SAWAHLUNTO  1  -  -  828  240  2  1  - 
1374 KOTA PADANG PANJANG 1  2  1  471  3  6  -  1  - 
1375 KOTA BUKITTINGGI  2  -  -  1.075  215  -  -  - 
1376 KOTA PAYAKUMBUH  2  -  1  315  14  21  58  -  -  - 
1377 KOTA PARIAMAN  1  -  -  2.735  547  -  -  - 
14 RIAU 1401 KAMPAR  12  -  -  10.602  6  4  50  2.916  2  3  - 
1402 INDRAGIRI HULU  8  -  -  87.703  20.761  -  -  16 
1403 BENGKALIS  2  -  -  4.449  961  -  -  - 
1404 INDRAGIRI HILIR  8  -  -  10.936  39  10  102  2.873  -  -  - 
1405 PELALAWAN  2  -  - 
 25.663  7.036  -  -  - 
1406 ROKAN HULU  6  -  -  11.104  1.387  -  -  - 
1407 ROKAN HILIR  5  -  -  70.624  16.550  -  -  - Kode 
Wilayah 
ProvinsiNama Provinsi Kode 
Wilayah 
Kabupaten 
/ KotaNama Kabupaten/
KotaJumlah 
KejadianKorban Kerusakan
Meninggal 
& HilangLuka-
LukaMengungsi 
& 
TerdampakRumah Fasillitas 
PendidikanFasilitas 
PeribadatanFasilitas 
Kesehatan Rusak 
BeratRusak 
SedangRusak 
RinganTerendam
Jiwa Unit
(1) (2) (3) (4) (5) (6) (7) (8) (9) (10) (11) (12) (13) (14) (15)
Data Bencana Indonesia 2024
113"
6,"Tabel L3. Kejadian Bencana Indonesia Tahun 2024 Berdasarkan Kabupaten/Kota (Lanjutan)
1408 SIAK  1  -  -  692  173  -  -  - 
1409 KUANTAN SINGINGI  11  -  -  21.126  3.639  -  -  - 
1410 KEPULAUAN 
MERANTI 1  -  -  -  -  -  - 
1471 KOTA PEKANBARU  8  -  -  6.565  1.726  -  -  - 
1472 KOTA DUMAI  4  -  -  198  42  -  -  - 
15 JAMBI 1501 KERINCI  10  4  -  25.121  27  23  215  8.350  -  -  - 
1502 MERANGIN  14  -  -  4.352  13  146  1.431  -  1  - 
1503 SAROLANGUN  7  -  -  26.195  4  10.355  -  -  - 
1504 BATANGHARI  26  -  5  42.295  18  20  44  16.130  3  -  - 
1505 MUARO JAMBI  21  -  -  205  1  8  2.575  -  -  - 
1506 TANJUNG JABUNG BARAT 6  -  -  765  2  6  220  -  -  - 
1507 TANJUNG JABUNG TIMUR 8  -  -  7.251  5  3  2  -  -  - 
1508 BUNGO  29  -  -  108.688  1  2  14.868  -  -  - 
1509 TEBO  2  -  -  77.843  25.157  -  -  - 
1571 KOTA JAMBI  1  -  -  94  86  -  -  - 
1572 KOTA SUNGAI PENUH 8  -  -  23.288  7  4  10  6.975  1  4  - 
16 SUMATERA SELATAN1601 OGAN KOMERING ULU 9  7  14  188.598  49  39  98  34.469  -  -  - 
1602 OGAN KOMERING ILIR 6  -  -  85  17  -  -  - 
1603 MUARA ENIM  45  -  3  16.814  9  64  7.810  -  -  - 
1604 LAHAT  7  -  -  3.310  567  -  -  - 
1605 MUSI RAWAS  7  -  -  19.730  3.940  -  -  - 
1606 MUSI BANYUASIN  26  -  -  97.876  6  1  16.424  -  -  - 
1607 BANYUASIN  38  -  -  1.332  6  21  251  -  -  - 
1608 OGAN KOMERING ULU TIMUR 2  -  -  6.810  1.362  -  -  - 
1609 OGAN KOMERING ULU SELATAN 4  2  -  4.461  4  6  8  1.390  1  1  - 
1610 OGAN ILIR  70  -  -  6.554  1.345  -  -  - 
1611 EMPAT LAWANG  2  -  -  170  34  -  -  - 
1612 PENUKAL ABAB LEMATANG ILIR 32  -  -  200  40  -  -  - 
1613 MUSI RAWAS UTARA  9  6  -  234.850  464  110  335  32.148  -  -  - 
1672 KOTA PAGAR ALAM  3  -  -  810  162  -  -  - 
1673 KOTA LUBUK LINGGAU 4  -  -  2.384  2  3  519  -  -  - 
1674 KOTA PRABUMULIH  7  -  -  24.839  4  50  126  3.433  -  -  - 
17 BENGKULU 1701 BENGKULU SELATAN  2  -  -  575  8  19  113  -  3  - 
1703 BENGKULU UTARA  3  1  -  -  27  -  -  - 
1704 KAUR
 1  1  -  -  -  -  - 
1705 SELUMA  1  -  -  620  124  -  -  - LAMPIRAN DATA BENCANA INDONESIA TAHUN 2024
Kode 
Wilayah 
ProvinsiNama Provinsi Kode 
Wilayah 
Kabupaten 
/ KotaNama Kabupaten/
KotaJumlah 
KejadianKorban Kerusakan
Meninggal 
& HilangLuka-
LukaMengungsi 
& 
TerdampakRumah Fasillitas 
PendidikanFasilitas 
PeribadatanFasilitas 
Kesehatan Rusak 
BeratRusak 
SedangRusak 
RinganTerendam
Jiwa Unit
(1) (2) (3) (4) (5) (6) (7) (8) (9) (10) (11) (12) (13) (14) (15)
114
Data Bencana Indonesia 2024"
7,"Tabel L3. Kejadian Bencana Indonesia Tahun 2024 Berdasarkan Kabupaten/Kota (Lanjutan)
1706 MUKO MUKO  2  -  -  80  1  -  -  - 
1707 LEBONG  1  -  1  14.850  79  265  2.970  -  -  - 
1708 KEPAHIANG  3  -  -  1.517  326  -  -  - 
1771 KOTA BENGKULU  5  -  -  2.909  5  466  -  -  - 
18 LAMPUNG 1801 LAMPUNG SELATAN  7  -  8  2.800  18  87  130  327  -  1  1 
1803 LAMPUNG UTARA  1  -  -  135  27  -  -  - 
1804 LAMPUNG BARAT  1  -  -  105  21  -  -  - 
1805 TULANG BAWANG  11  -  -  34.484  1  41  60  6.942  -  -  - 
1806 TANGGAMUS  3  5  -  5.110  8  497  -  -  - 
1807 LAMPUNG TIMUR  10  -  -  1.817  19  50  36  254  1  -  - 
1808 WAY KANAN  3  -  -  1.300  28  74  138  -  -  - 
1809 PESAWARAN  9  -  1  3.813  7  6  48  1.027  -  -  - 
1810 PRINGSEWU  1  -  -  625  125  -  -  - 
1811 MESUJI  7  -  -  732  163  -  -  - 
1813 PESISIR BARAT  1  -  -  150  30  -  -  - 
1871 KOTA BANDAR 
LAMPUNG 6  -  -  6.270  1.117  -  -  - 
19 KEPULAUAN BANGKA BELITUNG1902 BELITUNG  1  -  -  -  -  -  - 
1903 BANGKA SELATAN  1  -  -  57  -  -  - 
1904 BANGKA TENGAH  1  -  2  70  -  -  - 
1905 BANGKA BARAT  1  -  -  375  105  -  -  - 
1906 BELITUNG TIMUR  18  -  -  251  -  -  - 
1971 KOTA PANGKAL PINANG 2  -  -  2.408  39  458  -  -  - 
21 KEPULAUAN RIAU2101 BINTAN  37  1  2  2.120  6  14  451  172  -  -  - 
2102 KARIMUN  16  -  -  763  24  224  25  -  -  - 
2103 NATUNA  14  -  -  2.567  9  9  6  7  -  -  - 
2104 LINGGA  2  -  -  -  -  -  - 
2105 KEPULAUAN ANAMBAS 2  -  -  -  -  -  - 
2171 KOTA BATAM  4  2  3  393  34  47  15  -  -  - 
2172 KOTA TANJUNG PINANG 4  2  -  255  20  -  -  - 
31 DKI JAKARTA 3172 KOTA ADM. JAKARTA UTARA 3  -  -  120  -  -  - 
3173 KOTA ADM. JAKARTA BARAT 6  -  -  4.376  1.319  -  -  - 
3174 KOTA ADM. JAKARTA SELATAN 11  3  1  4.486  5  9  1.264  -  -  - 
3175 KOTA ADM. JAKARTA TIMUR 7  -  1  986  15  7  146  -  -  - 
32 JAWA BARAT 3201 BOGOR  128  3  20  84.865  134  564  1.428  2.312  2  2  - 
3202 SUKABUMI  37  19  10.354  28.736  377  458  933  1.464 
 1  2  - Kode 
Wilayah 
ProvinsiNama Provinsi Kode 
Wilayah 
Kabupaten 
/ KotaNama Kabupaten/
KotaJumlah 
KejadianKorban Kerusakan
Meninggal 
& HilangLuka-
LukaMengungsi 
& 
TerdampakRumah Fasillitas 
PendidikanFasilitas 
PeribadatanFasilitas 
Kesehatan Rusak 
BeratRusak 
SedangRusak 
RinganTerendam
Jiwa Unit
(1) (2) (3) (4) (5) (6) (7) (8) (9) (10) (11) (12) (13) (14) (15)
Data Bencana Indonesia 2024
115"
8,"Tabel L3. Kejadian Bencana Indonesia Tahun 2024 Berdasarkan Kabupaten/Kota (Lanjutan)
3203 CIANJUR  18  6  6  39.132  841  905  2.347  1.474  3  3  - 
3204 BANDUNG  33  7  169  122.241  1.115  1.987  4.006  12.358  3  4  3 
3205 GARUT  11  3  11  9.073  27  247  1.062  46  70  44  4 
3206 TASIKMALAYA  9  -  1  4.692  11  27  107  653  -  1  1 
3207 CIAMIS  20  -  4  3.651  8  53  487  515  1  -  - 
3208 KUNINGAN  7  -  -  4.079  4  6  53  838  3  2  - 
3209 CIREBON  20  2  -  231.586  10  33  54.314  -  -  - 
3210 MAJALENGKA  8  2  1  8.224  1  8  56  2.131  -  -  - 
3211 SUMEDANG  11  1  25  7.075  3  213  467  845  -  -  1 
3212 INDRAMAYU  9  -  3  34.017  20  76  301  6.493  1  1  - 
3213 SUBANG  14  2  11  11.961  12  1  12  3.039  -  -  - 
3214 PURWAKARTA  15  -  1  3.894  46  41  537  184  -  1  - 
3215 KARAWANG  35  -  -  42.004  75  165  516  12.765  -  -  - 
3216 BEKASI  16  -  -  96.415  7  6  99  11.870  -  -  - 
3217 BANDUNG BARAT  32  13  38  8.724  202  178  539  45  4  7  - 
3218 PANGANDARAN  6  -  -  1.789  2  10  13  263  -  1  1 
3271 KOTA BOGOR  16  2  1  1.980  12  40  66  271  -  -  - 
3272 KOTA SUKABUMI  9  -  -  3.183  9  29  177  1.024  1  1  - 
3273 KOTA BANDUNG  5  -  -  2.099  2  5  4  515  -  -  - 
3274 KOTA CIREBON  5  -  -  6.132  197  -  -  - 
3275 KOTA BEKASI  4  -  -  11.789  8.973  2.013  -  -  - 
3276 KOTA DEPOK  5  -  1.284  2  22  144  -  -  - 
3277 KOTA CIMAHI  5  -  -  291  4  14  11  47  1  -  - 
3278 KOTA TASIKMALAYA  5  -  -  385  9  19  37  -  1  - 
3279 KOTA BANJAR  2  -  -  2.471  1  2  4  1  -  - 
33 JAWA TENGAH 3301 CILACAP  21  1  -  127.439  23  23  195  11.974  -  -  - 
3302 BANYUMAS  16  -  1  229.333  11  9  246  77  -  4  - 
3303 PURBALINGGA  2  -  -  225  2  21  22  -  -  - 
3304 BANJARNEGARA  3  -  1  429  31  10  67  -  -  - 
3305 KEBUMEN  12  2  5  25.989  3  2  31  1.664  1  5  - 
3306 PURWOREJO  5  4  -  3.985  1  -  -  - 
3307 WONOSOBO  6  3  -  729  6  5  24  56  -  -  - 
3308 MAGELANG  2  -  4  135  1  6  -  -  - 
3309 BOYOLALI  4  -  1  10.852  5  32  21  -  -  - 
3310 KLATEN  17  -  8  100.482  3  50  328  3  6  - 
3311 SUKOHARJO  5  -  -  540  5  137  -  -  - 
3312 WONOGIRI  2  -  -  285  24  -  -  - 
3313 KARANGANYAR  8  -  -  703  17  20  30  -  -  - 
3314 SRAGEN  14  5  -  46.012  1  41  3.324  -  -  - 
3315 GROBOGAN  12  4  1  174.878  65  362  182  32.585  -  -  - 
3316 BLORA  5  -  -  625  1  7  12  79  -  -  - 
3317 REMBANG  3  -  1  129  12  -  -  1 
3318 PATI  10  -  -  143.952  7  2  74  6.757  3  -  - 
3319 KUDUS  4  8  -  47.563  10  10.888  -  -  - LAMPIRAN DATA BENCANA INDONESIA TAHUN 2024
Kode 
Wilayah 
ProvinsiNama Provinsi Kode 
Wilayah 
Kabupaten 
/ KotaNama Kabupaten/
KotaJumlah 
KejadianKorban Kerusakan
Meninggal 
& HilangLuka-
LukaMengungsi 
& 
TerdampakRumah Fasillitas 
PendidikanFasilitas 
PeribadatanFasilitas 
Kesehatan Rusak 
BeratRusak 
SedangRusak 
RinganTerendam
Jiwa Unit
(1) (2) (3) (4) (5) (6) (7) (8) (9) (10) (11) (12) (13) (14) (15)
116
Data Bencana Indonesia 2024"
9,"Tabel L3. Kejadian Bencana Indonesia Tahun 2024 Berdasarkan Kabupaten/Kota (Lanjutan)
3320 JEPARA  8  -  -  45.415  14  208  4.094  -  -  - 
3321 DEMAK  8  3  1  273.681  25  56  66.105  1  -  - 
3322 SEMARANG  7  -  2  1.321  2  4  72  -  -  - 
3323 TEMANGGUNG  6  2  1  3.418  2  11  42  36  -  -  - 
3324 KENDAL  7  1  -  24.665  1  15  10.855  -  1  - 
3325 BATANG  1  -  14  1.190  13  30  230  15  5  - 
3326 PEKALONGAN  4  2  -  4.933  3  13  109  772  2  2  - 
3327 PEMALANG  2  -  -  12.233  10  3  1.272  -  -  - 
3328 TEGAL  9  -  -  24.562  14  128  2.224  203  1  1 
3329 BREBES  9  -  -  104.462  85  49  76  23.304  -  1  - 
3372 KOTA SURAKARTA  6  3  6  1.701  16  9  41  268  -  -  - 
3374 KOTA SEMARANG  3  -  -  190.608  48.349  -  -  - 
3375 KOTA PEKALONGAN  5  -  -  33.802  2.217  2.667  -  -  - 
3376 KOTA TEGAL  7  -  -  23.883  3  7  4.147  1  -  - 
34 DAERAH 
ISTIMEWA YOGYAKARTA3401 KULON PROGO  26  -  -  1.647  1  8  154  5  1  1 
3402 BANTUL  9  1  2  430  2  6  115  4  3  - 
3403 GUNUNGKIDUL  15  1  3  54.069  7  23  930  4  4  - 
3404 SLEMAN  15  1  3  1.056  9  59  491  8  8  1 
35 JAWA TIMUR 3501 PACITAN  5  2  1  32  19  -  -  - 
3502 PONOROGO  22  2  -  1.285  4  257  -  1  - 
3503 TRENGGALEK  22  1  1  14.815  1  54  15  -  -  - 
3504 TULUNGAGUNG  9  -  -  1.045  1  300  -  1  - 
3505 BLITAR  16  4  1  12.586  13  5  198  69  1  1  - 
3506 KEDIRI  6  -  -  610  1  1  135  52  1  -  - 
3507 MALANG  18  2  -  1.140  3  13  128  282  1  1  - 
3508 LUMAJANG  11  7  -  6.640  10  12  118  1.431  -  -  - 
3509 JEMBER  24  2  8  26.661  6  8  109  3.203  2  1  - 
3510 BANYUWANGI  12  -  -  1.460  5  5  93  -  -  - 
3511 BONDOWOSO  26  -  19  2.235  18  104  310  91  8  4  - 
3512 SITUBONDO  17  1  -  1.352  2  3  339  1  1  - 
3513 PROBOLINGGO  15  -  -  5.309  11  1.091  -  -  - 
3514 PASURUAN  31  2  -  109.041  121  16.874  -  1  - 
3515 SIDOARJO  18  1  2  35.862  469  2.651  1 
 -  - 
3516 MOJOKERTO  24  -  1  21.974  20  49  28  2.732  1  -  1 
3517 JOMBANG  20  -  2  9.828  1  10  110  899  1  -  - 
3518 NGANJUK  7  -  -  1.689  2  9  34  -  -  - 
3519 MADIUN  11  -  2  4.275  4  2  111  390  -  3  - 
3520 MAGETAN  14  1  1  1.799  95  48  23  1  -  - 
3521 NGAWI  5  1  1  3.172  5  745  -  -  - 
3522 BOJONEGORO  15  1  -  28.183  9  1  179  1.504  -  -  1 
3523 TUBAN  7  -  -  12.130  1  5  39  2.416  4  -  - 
3524 LAMONGAN  14  -  2  4.025  11  13  106  2.271  3  2  1 Kode 
Wilayah 
ProvinsiNama Provinsi Kode 
Wilayah 
Kabupaten 
/ KotaNama Kabupaten/
KotaJumlah 
KejadianKorban Kerusakan
Meninggal 
& HilangLuka-
LukaMengungsi 
& 
TerdampakRumah Fasillitas 
PendidikanFasilitas 
PeribadatanFasilitas 
Kesehatan Rusak 
BeratRusak 
SedangRusak 
RinganTerendam
Jiwa Unit
(1) (2) (3) (4) (5) (6) (7) (8) (9) (10) (11) (12) (13) (14) (15)
Data Bencana Indonesia 2024
117"
10,"Tabel L3. Kejadian Bencana Indonesia Tahun 2024 Berdasarkan Kabupaten/Kota (Lanjutan)
3525 GRESIK  14  1  8  52.235  943  1.622  4.126  4.212  101  199  2 
3526 BANGKALAN  2  -  -  8.200  3  56  4.233  2  3  - 
3527 SAMPANG  5  -  -  22.450  11  11  71  4.174  -  -  - 
3528 PAMEKASAN  19  1  5  10.151  13  41  770  2.634  6  2  1 
3529 SUMENEP  5  -  -  75  85  -  -  - 
3571 KOTA KEDIRI  3  -  -  192  20  3  25  -  -  - 
3572 KOTA BLITAR  1  -  -  -  5  -  -  - 
3573 KOTA MALANG  2  -  -  1.100  241  -  -  - 
3575 KOTA PASURUAN  8  1  -  15.189  2  38  1.179  -  -  - 
3576 KOTA MOJOKERTO  1  -  -  2.156  529  -  -  - 
3577 KOTA MADIUN  4  -  1  6.490  1  7  115  -  -  - 
3578 KOTA SURABAYA  5  -  1  495  157  -  -  2 
3579 KOTA BATU  2  -  -  50  -  -  - 
36 BANTEN 3601 PANDEGLANG  18  2  4  64.030  28  43  134  5.253  -  -  - 
3602 LEBAK  12  7  2  14.648  67  16  238  2.638  2  -  - 
3603 TANGERANG  1  -  -  6.665  -  -  - 
3604 SERANG  18  -  -  9.831  6  37  65  2.394  -  1  - 
3671 KOTA TANGERANG  3  -  -  4.140  1.132  -  -  - 
3672 KOTA CILEGON  7  -  -  4.122  995  -  -  - 
3673 KOTA SERANG  18  -  -  6.172  9  16  240  339  -  -  - 
3674 KOTA TANGERANG 
SELATAN 20  -  -  33.440  10  1.148  -  -  - 
51 BALI 5101 JEMBRANA  4  2  11  -  5  28  78  -  -  - 
5102 TABANAN  2  3  -  -  -  -  - 
5103 BADUNG  5  1  -  -  43  31  49  -  5  - 
5104 GIANYAR  3  4  1  -  2  4  2  - 
5105 KLUNGKUNG  3  -  -  7  19  1  -  -  - 
5106 BANGLI  3  2  3  -  -  -  - 
5107 KARANGASEM  12  1  3  -  2  5  21  -  -  - 
5108 BULELENG  5  1  -  -  4  18  5  1  2  - 
52 NUSA TENGGARA BARAT5201 LOMBOK BARAT  9  -  -  18.062  52  112  211  175  -  -  - 
5202 LOMBOK TENGAH  11  1  1  278.666  31  43  106  644  -  -  - 
5203 LOMBOK TIMUR  3  1  -  85.523  3  -  -  - 
5204 SUMBAWA  11  -  -  70.683  22  5  67  1.229  1  -  - 
5205 DOMPU  6  -  9  35.352  2  5  2  20  -  -  - 
5206 BIMA  24  - 
 -  46.284  26  1  51  5.140  2  1  1 
5207 SUMBAWA BARAT  2  -  -  17.138  1  9  -  -  - 
5208 LOMBOK UTARA  3  -  -  17.105  -  -  - 
5271 KOTA MATARAM  2  -  -  256  4  35  -  -  - 
5272 KOTA BIMA  6  -  -  40.894  1  -  - 
53 NUSA TENGGARA TIMUR5301 KUPANG  5  1  -  480  4  7  15  91  1  -  - LAMPIRAN DATA BENCANA INDONESIA TAHUN 2024
Kode 
Wilayah 
ProvinsiNama Provinsi Kode 
Wilayah 
Kabupaten 
/ KotaNama Kabupaten/
KotaJumlah 
KejadianKorban Kerusakan
Meninggal 
& HilangLuka-
LukaMengungsi 
& 
TerdampakRumah Fasillitas 
PendidikanFasilitas 
PeribadatanFasilitas 
Kesehatan Rusak 
BeratRusak 
SedangRusak 
RinganTerendam
Jiwa Unit
(1) (2) (3) (4) (5) (6) (7) (8) (9) (10) (11) (12) (13) (14) (15)
118
Data Bencana Indonesia 2024"
11,"Tabel L3. Kejadian Bencana Indonesia Tahun 2024 Berdasarkan Kabupaten/Kota (Lanjutan)
5302 TIMOR TENGAH 
SELATAN 1  -  -  239  58  -  -  - 
5303 TIMOR TENGAH UTARA 1  -  -  550  22  27  70  2  3  - 
5304 BELU  2  1  -  64  6  11  -  1  - 
5305 ALOR  2  1  5  163  25  16  -  -  - 
5306 FLORES TIMUR  4  13  64  51.976  2.406  25  4  28 
5307 SIKKA  2  1  -  842  20  480  -  -  - 
5308 ENDE  6  9  -  364  1  15  37  7  -  -  - 
5309 NGADA  1  -  -  105  6  20  -  -  1 
5310 MANGGARAI  1  -  -  228  61  -  -  - 
5311 SUMBA TIMUR  1  1  -  -  -  -  - 
5312 SUMBA BARAT  2  -  -  111  15  -  -  - 
5313 LEMBATA  9  -  -  98  1  5  21  -  -  - 
5314 ROTE NDAO  4  2  -  582  2  -  -  - 
5315 MANGGARAI BARAT  4  -  -  946  6  2  14  -  -  - 
5316 NAGEKEO  1  1  -  3  1  -  -  - 
5318 SUMBA BARAT DAYA  1  -  -  20  1  2  2  1  1  - 
5321 MALAKA  2  1  -  20.008  4.295  -  -  - 
5371 KOTA KUPANG  4  -  -  1.122  2  7  26  268  -  -  - 
61 KALIMANTAN BARAT6101 SAMBAS  8  -  -  26.942  5.658  -  -  - 
6102 MEMPAWAH  2  -  -  10.157  2.648  -  -  - 
6103 SANGGAU  8  -  -  21.832  8  3  8  4.398  4  -  - 
6104 KETAPANG  6  -  -  21.378  4.193  -  -  - 
6105 SINTANG  4  -  -  78.954  1  14.981  -  -  - 
6106 KAPUAS HULU  2  -  -  80.714  2  15.145  -  -  - 
6107 BENGKAYANG  5  -  -  17.452  1  3.188  -  -  - 
6108 LANDAK  6  1  -  70.790  4  2  15.758  -  -  - 
6109 SEKADAU  3  -  -  43.397  11.284  -  -  - 
6110 MELAWI  10  2  -  48.692  11.557  -  -  - 
6111 KAYONG UTARA  1  -  -  -  -  -  - 
6112 KUBU RAYA  11  1  2  30.638  1  2  9  6.950  -  -  - 
6171 KOTA PONTIANAK  1  -  -  -  8  4  -  -  - 
6172 KOTA SINGKAWANG  2  -  -  1.775  337  -  -  - 
62 KALIMANTAN TENGAH6201 KOTAWARINGIN BARAT 5  -  -  8.183  1.127  -  -  - 
6202 KOTAWARINGIN TIMUR 7  -  2  6.336  2.288  -  -  - 
6203 KAPUAS  2  -  -  37.697  7.425  -  -  - 
6204 BARITO SELATAN  2  -  -  180  36  -  -  - 
6205 BARITO UTARA
 4  -  -  90.938  19.490  -  -  - 
6206 KATINGAN  3  -  -  7.507  1.625  -  -  - 
6207 SERUYAN  2  -  -  12.186  2.924  -  -  - 
6208 SUKAMARA  7  -  -  2.125  614  -  -  - Kode 
Wilayah 
ProvinsiNama Provinsi Kode 
Wilayah 
Kabupaten 
/ KotaNama Kabupaten/
KotaJumlah 
KejadianKorban Kerusakan
Meninggal 
& HilangLuka-
LukaMengungsi 
& 
TerdampakRumah Fasillitas 
PendidikanFasilitas 
PeribadatanFasilitas 
Kesehatan Rusak 
BeratRusak 
SedangRusak 
RinganTerendam
Jiwa Unit
(1) (2) (3) (4) (5) (6) (7) (8) (9) (10) (11) (12) (13) (14) (15)
Data Bencana Indonesia 2024
119"
12,"Tabel L3. Kejadian Bencana Indonesia Tahun 2024 Berdasarkan Kabupaten/Kota (Lanjutan)
6209 LAMANDAU  6  -  -  5.037  739  -  -  - 
6210 GUNUNG MAS  4  -  -  2.974  714  -  -  - 
6211 PULANG PISAU  4  -  -  12.415  3.056  -  -  - 
6212 MURUNG RAYA  4  -  -  83.664  21.026  -  -  - 
6271 KOTA 
PALANGKARAYA 6  5  -  62.955  9.588  -  -  - 
63 KALIMANTAN SELATAN6301 TANAH LAUT  2  -  -  1.220  244  -  -  - 
6303 BANJAR  8  -  -  853  9  8  16  100  1  1  - 
6304 BARITO KUALA  1  -  -  -  -  -  - 
6305 TAPIN  2  -  -  299  107  -  -  - 
6307 HULU SUNGAI TENGAH 1  -  -  6.340  2.210  -  -  - 
6308 HULU SUNGAI UTARA 1  -  -  18.266  5.413  -  -  - 
6309 TABALONG  1  -  -  241  90  -  -  - 
6310 TANAH BUMBU  6  -  -  22.597  6.239  -  -  - 
6311 BALANGAN  3  -  -  430  12  262  -  -  - 
6372 KOTA BANJARBARU  1  -  -  -  -  -  - 
64 KALIMANTAN TIMUR6401 PASER  7  -  -  2.008  5  -  25  496  -  1  - 
6402 KUTAI KARTANEGARA 31  -  -  86  5  -  11  -  -  1  - 
6403 BERAU  4  -  1  1.765  6  -  7  512  -  -  - 
6407 KUTAI BARAT  20  -  -  36.612  7  -  15  9.690  -  -  - 
6408 KUTAI TIMUR  13  -  -  -  -  -  -  -  -  -  - 
6409 PENAJAM PASER UTARA 15  -  -  3.216  44  -  -  775  -  -  - 
6411 MAHAKAM ULU  2  -  -  2.940  55  5  37  14  -  -  - 
6471 KOTA BALIKPAPAN  7  -  -  2.830  5  -  -  -  -  -  - 
6472 KOTA SAMARINDA  32  1  -  2.907  1  -  5  633  -  -  - 
6474 KOTA BONTANG  13  -  -  -  -  -  -  -  -  -  - 
65 KALIMANTAN UTARA6501 BULUNGAN  5  -  -  10.360  777  1.275  -  -  - 
6502 MALINAU  2  -  -  13.652  5  4.038  -  -  - 
6503 NUNUKAN  2  -  -  1.862  238  -  -  - 
6571 KOTA TARAKAN  1  3  -  50  5  5  -  -  - 
71 SULAWESI UTARA7101 BOLAANG MONGONDOW 4  -  -  9.207  2  2.930  -  -  - 
7102 MINAHASA  6  -  -  6.212  7  35  901  -  -  - 
7103 KEPULAUAN SANGIHE 1  -  -  536  3  2  -  -  - 
7104 KEPULAUAN TALAUD 1  -  -  110  -  -  - 
7105 MINAHASA SELATAN  1  -  -  55  -  -  - 
7106 MINAHASA UTARA  1 
 -  -  7.950  28  33  206  1.622  1  -  - LAMPIRAN DATA BENCANA INDONESIA TAHUN 2024
Kode 
Wilayah 
ProvinsiNama Provinsi Kode 
Wilayah 
Kabupaten 
/ KotaNama Kabupaten/
KotaJumlah 
KejadianKorban Kerusakan
Meninggal 
& HilangLuka-
LukaMengungsi 
& 
TerdampakRumah Fasillitas 
PendidikanFasilitas 
PeribadatanFasilitas 
Kesehatan Rusak 
BeratRusak 
SedangRusak 
RinganTerendam
Jiwa Unit
(1) (2) (3) (4) (5) (6) (7) (8) (9) (10) (11) (12) (13) (14) (15)
120
Data Bencana Indonesia 2024"
13,"Tabel L3. Kejadian Bencana Indonesia Tahun 2024 Berdasarkan Kabupaten/Kota (Lanjutan)
7108 BOLAANG 
MONGONDOW UTARA 3  -  -  2.924  774  -  -  - 
7109 KEP . SIAU TAGULANDANG BIARO 1  -  -  24.314  363  -  -  - 
7111 BOLAANG MONGONDOW SELATAN 1  -  -  7.788  2.259  -  -  - 
7171 KOTA MANADO  2  -  -  454  8  259  -  -  - 
7172 KOTA BITUNG  2  1  3  14.545  50  120  27  4.688  -  -  - 
72 SULAWESI TENGAH7201 BANGGAI  10  -  -  4.822  1  10  531  -  -  - 
7202 POSO  10  -  -  5.135  1  4  2  969  -  -  - 
7203 DONGGALA  12  -  -  7.946  20  5  1.896  2  2  1 
7204 TOLI TOLI  3  -  -  555  3  116  -  -  - 
7205 BUOL  6  1  -  7.360  55  224  267  1.482  -  1  2 
7206 MOROWALI  8  -  3  1.615  1  9  1  161  1  1  - 
7207 BANGGAI KEPULAUAN 3  -  -  176  1  2  11  24  -  -  - 
7208 PARIGI MOUTONG  15  1  -  12.655  68  8  16  2.151  -  -  - 
7209 TOJO UNA UNA  5  1  -  11.549  8  7  2.429  -  -  - 
7210 SIGI  8  3  1  1.578  241  -  -  - 
7211 BANGGAI LAUT  3  -  -  3.820  740  -  -  - 
7212 MOROWALI UTARA  8  -  -  9.353  1.115  -  -  - 
7271 KOTA PALU  3  -  -  1.720  265  -  -  - 
73 SULAWESI SELATAN7301 KEPULAUAN SELAYAR 3  -  -  3.101  168  -  -  - 
7302 BULUKUMBA  5  1  -  1.973  2  18  243  -  -  - 
7304 JENEPONTO  6  -  -  5.735  9  4  17  -  -  - 
7305 TAKALAR  8  -  -  530  3  10  15  -  -  - 
7306 GOWA  3  -  -  1.412  229  -  -  - 
7307 SINJAI  2  -  -  234  3  2  30  38  -  2  - 
7308 BONE  9  -  -  1.669  6  15  61  280  -  -  - 
7309 MAROS  5  -  -  212.486  1  13  7  -  -  - 
7310 PANGKAJENE DAN KEPULAUAN 4  -  -  93.991  1  17  5  1.123  -  -  - 
7311 BARRU  3  1  -  68.209  2  21  285  -  -  - 
7312 SOPPENG  4  10  8  31.361  35  1.310  -  -  - 
7313 WAJO  8  1  -  86.086  53  25  83  24.825  2  -  - 
7314 SIDENRENG RAPPANG 11  4  4  31.028  21  35  167  7.885  5  -  - 
7315 PINRANG  20  -  -  13.798  61  51  79  3.123  -  -  - 
7316 ENREKANG  4  -  -  9.467  7  1.142  - 
 -  - 
7317 LUWU  27  19  69  41.941  139  57  170  7.607  -  -  - 
7318 TANA TORAJA  2  20  2  99  11  -  -  - Kode 
Wilayah 
ProvinsiNama Provinsi Kode 
Wilayah 
Kabupaten 
/ KotaNama Kabupaten/
KotaJumlah 
KejadianKorban Kerusakan
Meninggal 
& HilangLuka-
LukaMengungsi 
& 
TerdampakRumah Fasillitas 
PendidikanFasilitas 
PeribadatanFasilitas 
Kesehatan Rusak 
BeratRusak 
SedangRusak 
RinganTerendam
Jiwa Unit
(1) (2) (3) (4) (5) (6) (7) (8) (9) (10) (11) (12) (13) (14) (15)
Data Bencana Indonesia 2024
121"
14,"Tabel L3. Kejadian Bencana Indonesia Tahun 2024 Berdasarkan Kabupaten/Kota (Lanjutan)
7322 LUWU UTARA  21  -  -  109.201  1  1  24  24.759  -  -  - 
7324 LUWU TIMUR  4  -  -  809  39  8  16  108  -  -  - 
7326 TORAJA UTARA  2  3  6  180  2  -  -  - 
7371 KOTA MAKASSAR  3  -  -  65.000  16.580  -  -  - 
7372 KOTA PAREPARE  3  -  -  1.035  4  8  294  -  -  - 
7373 KOTA PALOPO  8  -  -  16.435  3.167  -  -  - 
74 SULAWESI 
TENGGARA7401 KOLAKA  1  -  -  6.315  1.263  -  -  - 
7402 KONAWE  6  -  -  3.290  14  9  46  344  -  -  - 
7405 KONAWE SELATAN  2  -  -  735  148  -  -  - 
7406 BOMBANA  1  -  -  40  8  -  -  - 
7407 WAKATOBI  1  -  2  74  5  8  5  -  -  - 
7409 KONAWE UTARA  2  -  -  5.280  1  1.426  -  -  - 
7410 BUTON UTARA  3  -  -  3.240  724  -  -  - 
7413 MUNA BARAT  1  -  -  275  -  -  - 
7471 KOTA KENDARI  3  2  1  16.835  3.304  -  -  - 
75 GORONTALO 7501 GORONTALO  7  1  -  52.889  9  1  7.962  -  -  - 
7502 BOALEMO  6  -  -  3.588  760  -  -  - 
7503 BONE BOLANGO  9  43  8  15.655  37  56  3.086  -  1  - 
7504 POHUWATO  5  -  -  14.440  4.370  -  -  - 
7505 GORONTALO UTARA  5  -  -  17.609  3  20  5.459  -  -  - 
7571 KOTA GORONTALO  3  1  227  56.629  6.799  -  -  - 
76 SULAWESI BARAT7602 MAMUJU  6  -  -  7.182  3  1  5  1.107  -  -  - 
7603 MAMASA  3  -  1  2.187  61  41  199  -  -  - 
7604 POLEWALI MANDAR  4  1  2  7.340  8  2  488  1  -  - 
7606 MAMUJU TENGAH  9  -  -  6.677  5  1.154  -  -  - 
81 MALUKU 8101 MALUKU TENGAH  7  -  -  4.793  5  3  5  1.015  -  -  - 
8102 MALUKU TENGGARA  3  -  -  1.458  36  55  49  198  -  -  - 
8103 KEPULAUAN TANIMBAR 1  -  -  95  17  -  -  - 
8104 BURU  1  -  -  11.481  1  1.564  -  -  - 
8105 SERAM BAGIAN TIMUR 3  -  -  561  2  2  33  96  -  -  - 
8106 SERAM BAGIAN BARAT 5  -  -  3.880  747  -  -  - 
8107 KEPULAUAN ARU  3  -  -  495  4  25  161  1  1  - 
8108 MALUKU BARAT DAYA 1  4  -  -  -  -  - 
8109 BURU SELATAN  2  -  -  520  10  12  104  -  -  - 
8171 KOTA AMBON  7  3  3  368 
 41  -  -  - 
8172 KOTA TUAL  3  -  -  235  20  25  11  -  1  - 
82 MALUKU UTARA8201 HALMAHERA BARAT  5  1  2  8.488  2  4  8  138  -  -  - 
8202 HALMAHERA TENGAH 7  -  -  6.996  966  -  -  - LAMPIRAN DATA BENCANA INDONESIA TAHUN 2024
Kode 
Wilayah 
ProvinsiNama Provinsi Kode 
Wilayah 
Kabupaten 
/ KotaNama Kabupaten/
KotaJumlah 
KejadianKorban Kerusakan
Meninggal 
& HilangLuka-
LukaMengungsi 
& 
TerdampakRumah Fasillitas 
PendidikanFasilitas 
PeribadatanFasilitas 
Kesehatan Rusak 
BeratRusak 
SedangRusak 
RinganTerendam
Jiwa Unit
(1) (2) (3) (4) (5) (6) (7) (8) (9) (10) (11) (12) (13) (14) (15)
122
Data Bencana Indonesia 2024"
15,"Tabel L3. Kejadian Bencana Indonesia Tahun 2024 Berdasarkan Kabupaten/Kota (Lanjutan)
8203 HALMAHERA UTARA  4  1  -  4.577  2  748  -  -  - 
8204 HALMAHERA 
SELATAN 6  1  -  14.498  27  6  27  992  -  -  - 
8206 HALMAHERA TIMUR  10  -  -  5.301  12  1.052  -  -  - 
8207 PULAU MOROTAI  5  -  -  3.027  2  69  440  -  1  - 
8208 PULAU TALIABU  7  -  8  1.149  3  7  155  -  -  - 
8271 KOTA TERNATE  2  20  15  1.000  19  2  43  39  -  1  - 
8272 KOTA TIDORE KEPULAUAN 10  -  -  1.552  1  82  486  -  -  - 
91 P A P U A 9103 JAYAPURA  4  2  -  2.720  692  -  1  - 
9105 KEPULAUAN YAPEN  4  -  -  2.782  1  272  329  3  2  - 
9110 SARMI  1  -  -  232  23  16  -  1  - 
9111 KEEROM  3  -  -  206  38  -  -  - 
9115 WAROPEN  4  -  -  803  20  157  1  3  - 
9120 MAMBERAMO RAYA  1  -  -  531  257  -  -  - 
9171 KOTA JAYAPURA  2  -  -  465  1  100  -  -  - 
92 PAPUA BARAT 9202 MANOKWARI  9  -  -  4.374  59  347  -  3  - 
9206 TELUK BINTUNI  4  -  -  5.405  1.100  -  -  - 
9207 TELUK WONDAMA  1  -  2.278  -  -  - 
9211 MANOKWARI SELATAN 3  -  -  1.366  293  -  -  - 
9212 PEGUNUNGAN ARFAK 1  4  1  1.080  8  -  -  - 
93 PAPUA SELATAN9301 MERAUKE  3  -  -  3.805  7  6  836  258  1  1  - 
94 PAPUA TENGAH 9402 PUNCAK JAYA  1  2  2  4  -  -  - 
9404 MIMIKA  2  7  -  5.353  495  -  -  - 
9406 DOGIYAI  1  5  1  -  -  -  - 
9407 INTAN JAYA  1  5  1  -  -  -  - 
95 PAPUA PEGUNUNGAN9502 KAB PEGUNUNGAN BINTANG 2  -  -  1.724  13  44  21  1  5 
9503 YAHUKIMO  1  -  -  2.956  1.133  -  -  - 
96 PAPUA BARAT DAYA9601 SORONG  2  -  -  5.745  2  3.000  -  -  - 
9671 KOTA SORONG  2  -  -  9.214  19  19  3.441  -  -  - Kode 
Wilayah 
ProvinsiNama Provinsi Kode 
Wilayah 
Kabupaten 
/ KotaNama Kabupaten/
KotaJumlah 
KejadianKorban Kerusakan
Meninggal 
& HilangLuka-
LukaMengungsi 
& 
TerdampakRumah Fasillitas 
PendidikanFasilitas 
PeribadatanFasilitas 
Kesehatan Rusak 
BeratRusak 
SedangRusak 
RinganTerendam
Jiwa Unit
(1) (2) (3) (4) (5) (6) (7) (8) (9) (10) (11) (12) (13) (14) (15)
Data Bencana Indonesia 2024
123"
16,"Tabel L4. Kejadian Bencana Banjir Tahun 2024 Berdasarkan Provinsi
Kode 
Wilayah 
ProvinsiNama Provinsi Jumlah 
KejadianKorban Kerusakan
Meninggal 
& HilangLuka / 
Sakit Mengungsi 
& Terdampak Rumah 
Rusak 
BeratRumah 
Rusak 
SedangRumah 
Rusak 
Ringan Rumah 
Terendam Fasilitas 
PendidikanFasilitas 
PeribadatanFasilitas 
Kesehatan
(jiwa) (unit)
(1) (2) (3) (4) (5) (6) (7) (8) (9) (10) (11) (12) (13)
11 ACEH  47  3  -  230.712  49  16  41  29.834  1  -  - 
12 SUMATERA UTARA  120  12  105  353.645  141  12  370  69.117  9  4  - 
13 SUMATERA BARAT  64  72  66  303.291  1.363  5.072  6.142  68.550  21  14  5 
14 RIAU  53  -  -  248.958  15  9  98  58.058  -  -  16 
15 JAMBI  44  4  -  315.814  28  25  184  86.147  1  4  - 
16 SUMATERA SELATAN  69  15  14  607.560  528  204  475  103.894  1  1  - 
17 BENGKULU  9  -  1  19.406  79  290  3.886  -  -  - 
18 LAMPUNG  28  5  -  52.641  3  10.668  -  -  - 
19 KEPULAUAN BANGKA 
BELITUNG 2  -  -  2.665  563  -  -  - 
21 KEPULAUAN RIAU  4  1  -  2.964  204  -  -  - 
31 DKI JAKARTA  14  -  -  9.862  2.729  -  -  - 
32 JAWA BARAT  143  15  10.400  483.117  391  437  9.739  115.820  5  6  - 
33 JAWA TENGAH  78  18  2  996.757  34  36  2.563  231.645  1  6  - 
35 JAWA TIMUR  121  8  4  324.153  16  10  84  54.686  3  4  1 
36 BANTEN  66  4  1  135.945  23  9  89  13.899  -  -  - 
51 BALI  2  1  -  -  1  16  -  -  - 
52 NUSA TENGGARA BARAT  44  -  9  88.140  26  9  2  7.208  2  -  - 
53 NUSA TENGGARA TIMUR  13  5  -  22.504  1  6  27  5.208  -  -  - 
61 KALIMANTAN BARAT  56  3  -  452.546  16  5  8  96.097  4  -  - 
62 KALIMANTAN TENGAH  39  5  2  332.197  70.652  -  -  - 
63 KALIMANTAN SELATAN  15  -  -  50.108  14.665  1  -  - 
64 KALIMANTAN TIMUR  29  1  -  51.843  56  5  37  12.120  -  -  - 
65 KALIMANTAN UTARA  5  -  -  24.708  782  5.551  -  -  - 
71 SULAWESI UTARA  17  1  3  49.376  80  156  235  13.433  1  -  - 
72 SULAWESI TENGAH  85  6  2  67.487  145  246  285  12.120  2  2  1 
73 SULAWESI SELATAN  91  10  63  762.062  165  69  143  93.166  2  1  - 
74 SULAWESI TENGGARA  17  2  1  35.815  1  7.217  -  -  - 
75 GORONTALO  31  2  227  158.713  40  76  28.436  -  1  - 
76 SULAWESI BARAT  15  -  -  16.272  1  5  2.749  -  -  - 
81 MALUKU  18  -  -  22.143  5  5  37  3.835  1  1  - 
82 MALUKU UTARA  40  22  16  36.266  59  10  120  4.981  -  1  - 
91 P A P U A  15  1  -  7.306  1  267  1.553  4  6  - 
92 PAPUA BARAT  15  -  -  12.754  59  1.691  -  3  - 
93 PAPUA SELATAN  2  -  -  3.010  6  836  54  -  -  - 
94 PAPUA TENGAH  5  19  4  5.357  495  -  -  - 
96 PAPUA BARAT DAYA  4  -  -  14.959  21  19  6.441  -  -  - 
124
Data Bencana Indonesia 2024LAMPIRAN DATA BENCANA INDONESIA TAHUN 2024"
17,"Tabel L5. Kejadian Bencana Banjir Tahun 2024 Berdasarkan Kabupaten/Kota.
Kode 
Wilayah 
ProvinsiNama 
ProvinsiKode 
Wilayah 
Kabupaten 
/ KotaNama Kabupaten/
KotaJumlah 
KejadianKorban Kerusakan
Meninggal 
& HilangLuka / 
Sakit Mengungsi 
& Terdampak Rumah 
Rusak 
BeratRumah 
Rusak 
SedangRumah 
Rusak 
Ringan Rumah 
Terendam Fasilitas 
PendidikanFasilitas 
PeribadatanFasilitas 
Kesehatan
(jiwa) (unit)
(1) (2) (3) (4) (5) (6) (7) (8) (9) (10) (11) (12) (13) (14) (15)
11 ACEH 1101 ACEH SELATAN  5  -  -  25.292  -  -  -  4.339  -  -  - 
1102 ACEH TENGGARA  6  1  -  9.780  21  12  19  1.313  -  -  - 
1103 ACEH TIMUR  2  -  -  1.960  -  -  -  252  -  -  - 
1104 ACEH TENGAH  2  -  -  382  -  -  1  88  -  -  - 
1105 ACEH BARAT  3  2  -  8.818  1  -  -  2.890  -  -  - 
1107 PIDIE  3  -  -  86.870  -  -  1  6.189  1  -  - 
1108 ACEH UTARA  1  -  -  5.039  -  -  -  1.363  -  -  - 
1109 SIMEULUE  1  -  -  320  -  -  -  64  -  -  - 
1110 ACEH SINGKIL  5  -  -  35.140  2  4  12  1.915  -  -  - 
1111 BIREUEN  3  -  -  16.336  -  -  -  3.729  -  -  - 
1113 GAYO LUES  2  -  -  180  24  -  8  -  -  - 
1114 ACEH JAYA  5  -  -  8.810  -  -  -  2.365  -  -  - 
1115 NAGAN RAYA  2  -  -  9.116  -  -  -  2.776  -  -  - 
1116 ACEH TAMIANG  1  -  -  6.415  1  -  -  -  -  - 
1118 PIDIE JAYA  1  -  -  350  -  -  -  70  -  -  - 
1175 KOTA 
SUBULUSSALAM 5  -  -  15.904  -  -  -  2.481  -  -  - 
12 SUMATERA UTARA1201 TAPANULI TENGAH  2  -  -  1.450  1  -  13  50  -  -  - 
1202 TAPANULI UTARA  3  -  660  15  -  10  190  -  1  - 
1203 TAPANULI SELATAN  8  2  85  6.069  105  -  305  645  1  -  - 
1205 LANGKAT  8  1  11  28.318  -  -  -  8.815  -  -  - 
1206 KARO  4  1  -  140  1  -  -  4  -  -  - 
1207 DELI SERDANG  14  6  9  65.993  5  -  2  2.949  -  1  - 
1208 SIMALUNGUN  6  2  -  1.229  -  -  2  163  -  -  - 
1209 ASAHAN  8  -  -  33.946  -  -  -  6.779  -  -  - 
1210 LABUHANBATU  1  -  -  150  -  -  -  30  -  -  - 
1211 DAIRI  5  -  -  656  9  -  24  5  -  -  - 
1213 MANDAILING NATAL  7  - 
 -  960  1  12  -  229  -  -  - 
1216 HUMBANG HASUNDUTAN 1  -  -  -  -  -  -  -  - 
1217 SAMOSIR  2  -  8  1  -  6  -  -  - 
1218 SERDANG BEDAGAI  5  -  15.568  2  -  -  3.649  -  -  - 
1219 BATU BARA  1  -  -  -  -  -  405  -  -  - 
1220 PADANG LAWAS UTARA 2  -  -  480  -  -  -  110  -  -  - 
1221 PADANG LAWAS  7  -  -  7.301  1  -  8  2.077  8  2  - 
1222 LABUHANBATU SELATAN 3  -  -  7.471  -  -  -  1.486  -  -  - 
1223 LABUHANBATU UTARA 3  -  -  23.090  -  -  -  2.570  -  -  - 
1224 NIAS UTARA  2  -  -  3.200  -  -  -  600  -  -  - 
Data Bencana Indonesia 2024
125"
18,"Tabel L5. Kejadian Bencana Banjir Tahun 2024 Berdasarkan Kabupaten/Kota (Lanjutan).
1225 NIAS BARAT  2  -  8.545  -  -  -  2.107  -  -  - 
1271 KOTA MEDAN  10  -  -  42.433  -  -  -  11.366  -  -  - 
1272 KOTA 
PEMATANGSIANTAR 1  -  120  -  -  -  30  -  -  - 
1273 KOTA SIBOLGA  1  -  -  1.565  -  -  -  313  -  -  - 
1274 KOTA TANJUNG BALAI 4  -  -  62.322  -  -  -  14.029  -  -  - 
1275 KOTA BINJAI  4  -  -  28.569  -  -  -  6.882  -  -  - 
1276 KOTA TEBING TINGGI  2  -  11.037  -  -  -  3.044  -  -  - 
1277 KOTA PADANG SIDEMPUAN 2  -  1.850  -  -  -  467  -  -  - 
1278 KOTA GUNUNGSITOLI  2  -  -  515  -  -  -  123  -  -  - 
13 SUMATERA BARAT1301 PESISIR SELATAN  15  30  -  175.984  1.183  4.325  4.673  36.721  -  -  - 
1302 SOLOK  2  -  -  619  -  -  -  35  -  -  - 
1303 SIJUNJUNG  5  -  -  4.579  6  -  64  1.050  -  1  - 
1304 TANAH DATAR  3  1  -  320  -  29  -  64  -  -  - 
1305 PADANG PARIAMAN  3  8  35  36.013  24  58  6  10.625  -  -  - 
1306 AGAM  4  25  23  5.586  63  42  247  274  5  7  - 
1307 LIMA PULUH KOTA  4  4  -  6.005  10  -  820  1.197  -  3  1 
1308 PASAMAN  2  -  -  2.205  -  -  -  441  1  1  - 
1309 KEPULAUAN MENTAWAI 2  -  -  4.125  -  -  18  833  -  -  - 
1310 DHARMASRAYA  8  2  1  8.366  -  606  211  2.904  11  -  - 
1311 SOLOK SELATAN  4  -  -  1.918  9  5  21  389  -  -  - 
1312 PASAMAN BARAT  4  -  -  2.895  11  -  -  1.357  -  -  - 
1371 KOTA PADANG  1  -  6  46.539  54  -  82  10.960  2  -  4 
1372 KOTA SOLOK  1  -  -  3.028  -  -  -  692  -  -  - 
1373 KOTA SAWAHLUNTO  1  -  -  828  -  -  -  240  2  1  - 
1374 KOTA PADANG PANJANG 1  2  1  471  3  -  -  6  -  1  - 
1375 KOTA BUKITTINGGI  2  -  -  1.075  -  -  -  215  -  -  - 
1376 KOTA PAYAKUMBUH  1  -  -  -  7  -  -  -  - 
1377 KOTA PARIAMAN  1  -  -  2.735  -  -  -  547  -  -  - 
14 RIAU 1401 KAMPAR  8  -  -  10.084  -  -  -  2.916  -  -  - 
1402 INDRAGIRI HULU  7  -  -  87.703  -  -  -  20.761  -  -  16 
1403 BENGKALIS  1  -  -  4.449 
 -  -  -  961  -  -  - 
1404 INDRAGIRI HILIR  4  -  -  10.750  15  9  98  2.867  -  -  - 
1405 PELALAWAN  1  -  -  25.663  -  -  -  7.036  -  -  - 
1406 ROKAN HULU  6  -  -  11.104  -  -  -  1.387  -  -  - 
1407 ROKAN HILIR  5  -  -  70.624  -  -  -  16.550  -  -  - Kode 
Wilayah 
ProvinsiNama 
ProvinsiKode 
Wilayah 
Kabupaten 
/ KotaNama Kabupaten/
KotaJumlah 
KejadianKorban Kerusakan
Meninggal 
& HilangLuka / 
Sakit Mengungsi 
& Terdampak Rumah 
Rusak 
BeratRumah 
Rusak 
SedangRumah 
Rusak 
Ringan Rumah 
Terendam Fasilitas 
PendidikanFasilitas 
PeribadatanFasilitas 
Kesehatan
(jiwa) (unit)
(1) (2) (3) (4) (5) (6) (7) (8) (9) (10) (11) (12) (13) (14) (15)
126
Data Bencana Indonesia 2024LAMPIRAN DATA BENCANA INDONESIA TAHUN 2024"
19,"Tabel L5. Kejadian Bencana Banjir Tahun 2024 Berdasarkan Kabupaten/Kota (Lanjutan).
1408 SIAK  1  -  -  692  -  -  -  173  -  -  - 
1409 KUANTAN SINGINGI  11  -  -  21.126  -  -  -  3.639  -  -  - 
1471 KOTA PEKANBARU  8  -  -  6.565  -  -  -  1.726  -  -  - 
1472 KOTA DUMAI  1  -  -  198  -  -  -  42  -  -  - 
15 JAMBI 1501 KERINCI  9  4  -  25.121  21  23  178  8.350  -  -  - 
1502 MERANGIN  3  -  -  4.165  -  -  -  1.431  -  -  - 
1503 SAROLANGUN  6  -  -  26.195  -  -  4  10.355  -  -  - 
1504 BATANGHARI  6  -  -  42.289  -  -  -  16.130  -  -  - 
1505 MUARO JAMBI  2  -  -  205  -  -  -  2.575  -  -  - 
1506 TANJUNG JABUNG 
BARAT 2  -  -  735  -  -  -  220  -  -  - 
1507 TANJUNG JABUNG TIMUR 2  -  -  7.204  -  -  -  -  -  - 
1508 BUNGO  5  -  -  108.688  1  -  2  14.868  -  -  - 
1509 TEBO  2  -  -  77.843  -  -  -  25.157  -  -  - 
1571 KOTA JAMBI  1  -  -  94  -  -  -  86  -  -  - 
1572 KOTA SUNGAI PENUH  6  -  -  23.275  6  2  -  6.975  1  4  - 
16 SUMATERA SELATAN1601 OGAN KOMERING ULU 8  7  14  188.258  49  38  31  34.469  -  -  - 
1603 MUARA ENIM  10  -  -  16.439  1  -  -  7.810  -  -  - 
1604 LAHAT  2  -  -  3.310  -  -  -  567  -  -  - 
1605 MUSI RAWAS  3  -  -  19.730  -  -  -  3.940  -  -  - 
1606 MUSI BANYUASIN  10  -  -  97.876  6  -  1  16.424  -  -  - 
1607 BANYUASIN  4  -  -  1.021  -  -  -  251  -  -  - 
1608 OGAN KOMERING ULU TIMUR 1  -  -  6.810  -  -  -  1.362  -  -  - 
1609 OGAN KOMERING ULU SELATAN 3  2  -  4.394  4  6  8  1.390  1  1  - 
1610 OGAN ILIR  13  -  -  6.554  -  -  -  1.345  -  -  - 
1611 EMPAT LAWANG  1  -  -  170  -  -  -  34  -  -  - 
1612 PENUKAL ABAB LEMATANG ILIR 1  -  -  200  -  -  -  40  -  -  - 
1613 MUSI RAWAS UTARA  5  6  -  234.850  464  110  335  32.148  -  -  - 
1672 KOTA PAGAR ALAM  2  -  -  810  -  -  -  162  -  -  - 
1673 KOTA LUBUK LINGGAU 3  -  -  2.359  -  -  -  519  -  -  - 
1674 KOTA PRABUMULIH  3  -  -  24.779  4  50  100  3.433  -  - 
 - 
17 BENGKULU 1701 BENGKULU SELATAN  1  -  -  -  -  -  25  -  -  - 
1705 SELUMA  1  -  -  620  -  -  -  124  -  -  - 
1707 LEBONG  1  -  1  14.850  79  -  265  2.970  -  -  - 
1708 KEPAHIANG  3  -  -  1.517  -  -  -  326  -  -  - Kode 
Wilayah 
ProvinsiNama 
ProvinsiKode 
Wilayah 
Kabupaten 
/ KotaNama Kabupaten/
KotaJumlah 
KejadianKorban Kerusakan
Meninggal 
& HilangLuka / 
Sakit Mengungsi 
& Terdampak Rumah 
Rusak 
BeratRumah 
Rusak 
SedangRumah 
Rusak 
Ringan Rumah 
Terendam Fasilitas 
PendidikanFasilitas 
PeribadatanFasilitas 
Kesehatan
(jiwa) (unit)
(1) (2) (3) (4) (5) (6) (7) (8) (9) (10) (11) (12) (13) (14) (15)
Data Bencana Indonesia 2024
127"
20,"Tabel L5. Kejadian Bencana Banjir Tahun 2024 Berdasarkan Kabupaten/Kota (Lanjutan).
1771 KOTA BENGKULU  3  -  -  2.419  -  -  -  466  -  -  - 
18 LAMPUNG 1801 LAMPUNG SELATAN  2  -  -  1.635  -  -  -  327  -  -  - 
1803 LAMPUNG UTARA  1  -  -  135  -  -  -  27  -  -  - 
1804 LAMPUNG BARAT  1  -  -  105  -  -  -  21  -  -  - 
1805 TULANG BAWANG  4  -  -  33.097  -  -  -  6.942  -  -  - 
1806 TANGGAMUS  2  5  -  5.085  -  3  -  497  -  -  - 
1807 LAMPUNG TIMUR  2  -  -  957  -  -  -  254  -  -  - 
1808 WAY KANAN  1  -  -  690  -  -  -  138  -  -  - 
1809 PESAWARAN  5  -  -  3.538  -  -  -  1.027  -  -  - 
1810 PRINGSEWU  1  -  -  625  -  -  -  125  -  -  - 
1811 MESUJI  3  -  -  732  -  -  -  163  -  -  - 
1813 PESISIR BARAT  1  -  -  150  -  -  -  30  -  -  - 
1871 KOTA BANDAR 
LAMPUNG 5  -  -  5.892  -  -  -  1.117  -  -  - 
19 KEPULAUAN BANGKA BELITUNG1905 BANGKA BARAT  1  -  -  375  -  -  -  105  -  -  - 
1971 KOTA PANGKAL PINANG 1  -  -  2.290  -  -  -  458  -  -  - 
21 KEPULAUAN RIAU2101 BINTAN  1  -  -  537  -  -  -  172  -  -  - 
2102 KARIMUN  1  -  -  125  -  -  -  25  -  -  - 
2103 NATUNA  1  -  -  2.302  -  -  -  7  -  -  - 
2172 KOTA TANJUNG PINANG 1  1  -  -  -  -  -  -  -  - 
31 DKI JAKARTA 3172 KOTA ADM. JAKARTA UTARA 3  -  -  120  -  -  -  -  -  - 
3173 KOTA ADM. JAKARTA BARAT 6  -  -  4.376  -  -  -  1.319  -  -  - 
3174 KOTA ADM. JAKARTA SELATAN 8  -  -  4.447  -  -  -  1.264  -  -  - 
3175 KOTA ADM. JAKARTA TIMUR 5  -  -  919  -  -  -  146  -  -  - 
32 JAWA BARAT 3201 BOGOR  18  1  7  10.006  2  3  39  2.312  -  -  - 
3202 SUKABUMI  9  2  10.352  25.621  215  353  459  1.464  -  -  - 
3203 CIANJUR  3  4  1  6.586  11  11  22  1.474  -  -  - 
3204 BANDUNG  14  5  4  61.262  4  5  22  12.358  1  -  - 
3205 GARUT  1  -  -  138  -  -  -  46  -  -  - 
3206 TASIKMALAYA  1  -  3.948  -  -  -  653  -  -  - 
3207 CIAMIS  3  -  -  1.782 
 -  -  -  515  -  -  - 
3208 KUNINGAN  2  -  -  3.023  3  3  1  838  -  1  - 
3209 CIREBON  13  2  -  209.250  -  -  -  54.314  -  -  - Kode 
Wilayah 
ProvinsiNama 
ProvinsiKode 
Wilayah 
Kabupaten 
/ KotaNama Kabupaten/
KotaJumlah 
KejadianKorban Kerusakan
Meninggal 
& HilangLuka / 
Sakit Mengungsi 
& Terdampak Rumah 
Rusak 
BeratRumah 
Rusak 
SedangRumah 
Rusak 
Ringan Rumah 
Terendam Fasilitas 
PendidikanFasilitas 
PeribadatanFasilitas 
Kesehatan
(jiwa) (unit)
(1) (2) (3) (4) (5) (6) (7) (8) (9) (10) (11) (12) (13) (14) (15)
128
Data Bencana Indonesia 2024LAMPIRAN DATA BENCANA INDONESIA TAHUN 2024"
21,"Tabel L5. Kejadian Bencana Banjir Tahun 2024 Berdasarkan Kabupaten/Kota (Lanjutan).
3210 MAJALENGKA  1  -  -  7.141  -  -  -  2.131  -  -  - 
3211 SUMEDANG  7  1  -  4.378  1  -  -  845  -  -  - 
3212 INDRAMAYU  5  -  -  30.808  -  3  2  6.493  -  -  - 
3213 SUBANG  6  -  -  9.185  -  -  -  3.039  -  -  - 
3214 PURWAKARTA  1  -  -  810  -  -  -  184  -  -  - 
3215 KARAWANG  19  -  -  38.387  14  12  112  12.765  -  -  - 
3216 BEKASI  11  -  -  47.254  -  -  -  11.870  -  -  - 
3217 BANDUNG BARAT  3  -  36  2.941  132  36  104  45  3  5  - 
3218 PANGANDARAN  1  -  763  -  -  -  263  -  -  - 
3271 KOTA BOGOR  5  -  -  1.002  4  -  -  271  -  -  - 
3272 KOTA SUKABUMI  3  -  -  2.174  -  -  -  1.024  1  -  - 
3273 KOTA BANDUNG  3  -  -  2.035  2  5  4  515  -  -  - 
3274 KOTA CIREBON  3  -  -  1.680  -  -  -  197  -  -  - 
3275 KOTA BEKASI  4  -  -  11.789  -  -  8.973  2.013  -  -  - 
3276 KOTA DEPOK  4  -  797  -  -  -  144  -  -  - 
3277 KOTA CIMAHI  2  -  209  3  6  1  47  -  -  - 
3278 KOTA TASIKMALAYA  1  -  -  148  -  -  -  -  -  - 
33 JAWA 
TENGAH3301 CILACAP  8  1  -  37.225  16  15  59  11.974  -  -  - 
3302 BANYUMAS  2  -  -  251  -  -  -  77  -  -  - 
3303 PURBALINGGA  1  -  -  110  -  -  -  22  -  -  - 
3305 KEBUMEN  2  -  -  6.233  -  -  -  1.664  -  4  - 
3306 PURWOREJO  1  -  -  400  -  -  -  -  -  - 
3307 WONOSOBO  1  -  -  280  -  -  -  56  -  -  - 
3310 KLATEN  1  -  -  189  -  -  63  -  -  - 
3311 SUKOHARJO  1  -  -  255  -  -  85  -  -  - 
3312 WONOGIRI  1  -  -  120  -  -  -  24  -  -  - 
3313 KARANGANYAR  1  -  -  107  -  -  -  30  -  -  - 
3314 SRAGEN  6  -  -  13.078  -  -  -  3.324  -  -  - 
3315 GROBOGAN  7  4  -  164.695  15  9  18  32.585  -  -  - 
3316 BLORA  3  -  -  465  -  -  -  79  -  -  - 
3318 PATI  5  -  -  22.899  -  -  -  6.757  -  -  - 
3319 KUDUS  2  8  -  47.513  -  -  -  10.888  -  -  - 
3320 JEPARA  3  -  -  36.095  -  -  -  4.094  -  -  - 
3321 DEMAK  3  3  -  271.512  -  -  -  66.105  -  -  - 
3322 SEMARANG  1  -  2  271  -  -  -  72  -  -  - 
3323 TEMANGGUNG  2  -  -  170  -  -  -  36  -  -  - 
3324 KENDAL  2  -  -  24.385  -  -  -  10.855  -  -  - 
3326 PEKALONGAN  3  2  -  4.908  3  12  106  772  1  2  - Kode 
Wilayah 
ProvinsiNama 
ProvinsiKode 
Wilayah 
Kabupaten 
/ KotaNama Kabupaten/
KotaJumlah 
KejadianKorban Kerusakan
Meninggal 
& HilangLuka / 
Sakit Mengungsi 
& Terdampak Rumah 
Rusak 
BeratRumah 
Rusak 
SedangRumah 
Rusak 
Ringan Rumah 
Terendam Fasilitas 
PendidikanFasilitas 
PeribadatanFasilitas 
Kesehatan
(jiwa) (unit)
(1) (2) (3) (4) (5) (6) (7) (8) (9) (10) (11) (12) (13) (14) (15)
Data Bencana Indonesia 2024
129"
22,"Tabel L5. Kejadian Bencana Banjir Tahun 2024 Berdasarkan Kabupaten/Kota (Lanjutan).
3327 PEMALANG  1  -  -  11.985  -  -  -  1.272  -  -  - 
3328 TEGAL  4  -  -  10.839  -  -  -  2.224  -  -  - 
3329 BREBES  5  -  -  100.768  -  -  11  23.304  -  -  - 
3372 KOTA SURAKARTA  2  -  -  1.340  -  -  -  268  -  -  - 
3374 KOTA SEMARANG  3  -  -  190.608  -  -  -  48.349  -  -  - 
3375 KOTA PEKALONGAN  4  -  -  33.795  -  -  2.215  2.667  -  -  - 
3376 KOTA TEGAL  3  -  -  16.261  -  -  6  4.147  -  -  - 
35 JAWA TIMUR 3502 PONOROGO  2  2  -  1.265  -  -  -  257  -  -  - 
3503 TRENGGALEK  1  -  -  75  -  -  -  15  -  -  - 
3505 BLITAR  1  -  -  355  6  -  8  69  -  1  - 
3506 KEDIRI  3  -  -  610  -  -  -  52  -  -  - 
3507 MALANG  1  -  -  885  -  -  -  282  -  1  - 
3508 LUMAJANG  2  2  -  6.405  10  10  16  1.431  -  -  - 
3509 JEMBER  10  1  2  21.206  -  -  -  3.203  -  -  - 
3510 BANYUWANGI  1  -  -  1.230  -  -  -  -  -  - 
3511 BONDOWOSO  4  -  -  495  -  -  -  91  -  1  - 
3512 SITUBONDO  3  -  -  1.327  -  -  -  339  1  1  - 
3513 PROBOLINGGO  4  -  -  5.309  -  -  -  1.091  -  -  - 
3514 PASURUAN  13  1  -  108.986  -  -  -  16.874  -  -  - 
3515 SIDOARJO  7  -  -  34.447  -  -  -  2.651  -  -  - 
3516 MOJOKERTO  8  -  1  14.290  -  -  -  2.732  1  -  1 
3517 JOMBANG  4  -  -  9.743  -  -  -  899  -  -  - 
3518 NGANJUK  3  -  -  370  -  -  -  34  -  -  - 
3519 MADIUN  6  -  1  4.065  -  -  -  390  -  -  - 
3520 MAGETAN  3  -  -  182  -  -  -  23  -  -  - 
3521 NGAWI  1  -  -  2.980  -  -  -  745  -  -  - 
3522 BOJONEGORO  6  1  -  25.800  -  -  -  1.504  -  -  - 
3523 TUBAN  4  -  -  11.965  -  -  -  2.416  1  -  - 
3524 LAMONGAN  8  -  -  3.485  -  -  -  2.271  -  -  - 
3525 GRESIK  8  -  -  5.061  -  -  -  4.212  -  -  - 
3526 BANGKALAN  1  -  -  8.010  -  -  -  4.233  -  -  - 
3527 SAMPANG  1  -  -  22.420  -  -  -  4.174  -  -  - 
3528 PAMEKASAN  2  -  -  7.807  -  -  -  2.634  -  -  - 
3529 SUMENEP  2  -  -  -  -  -  -  -  -  - 
3573 KOTA MALANG  2  -  -  1.100  -  -  -  241  -  -  - 
3575 KOTA PASURUAN  6  1  -  15.189  -  -  -  1.179  -  -  - 
3576 KOTA MOJOKERTO  1  -  -  2.156  -  -  -  529  -  -  - 
3577 KOTA MADIUN  2  -  -  6.450  -  -  -  115  -  -  - 
3578 KOTA SURABAYA  1  -  -  485  -  -  60  -  -  - Kode 
Wilayah 
ProvinsiNama 
ProvinsiKode 
Wilayah 
Kabupaten 
/ KotaNama Kabupaten/
KotaJumlah 
KejadianKorban Kerusakan
Meninggal 
& HilangLuka / 
Sakit Mengungsi 
& Terdampak Rumah 
Rusak 
BeratRumah 
Rusak 
SedangRumah 
Rusak 
Ringan Rumah 
Terendam Fasilitas 
PendidikanFasilitas 
PeribadatanFasilitas 
Kesehatan
(jiwa) (unit)
(1) (2) (3) (4) (5) (6) (7) (8) (9) (10) (11) (12) (13) (14) (15)
130
Data Bencana Indonesia 2024LAMPIRAN DATA BENCANA INDONESIA TAHUN 2024"
23,"Tabel L5. Kejadian Bencana Banjir Tahun 2024 Berdasarkan Kabupaten/Kota (Lanjutan).
36 BANTEN 3601 PANDEGLANG  9  1  -  62.939  8  -  22  5.253  -  -  - 
3602 LEBAK  6  3  1  12.948  15  9  67  2.638  -  -  - 
3603 TANGERANG  1  -  -  6.665  -  -  -  -  -  - 
3604 SERANG  15  -  -  9.382  -  -  -  2.394  -  -  - 
3671 KOTA TANGERANG  3  -  -  4.140  -  -  -  1.132  -  -  - 
3672 KOTA CILEGON  6  -  -  4.122  -  -  -  995  -  -  - 
3673 KOTA SERANG  9  -  -  4.184  -  -  -  339  -  -  - 
3674 KOTA TANGERANG 
SELATAN 17  -  -  31.565  -  -  -  1.148  -  -  - 
51 BALI 5106 BANGLI  1  1  -  -  -  -  -  -  -  - 
5107 KARANGASEM  1  -  -  -  -  1  16  -  -  - 
52 NUSA TENGGARA BARAT5201 LOMBOK BARAT  2  -  -  820  -  1  -  175  -  -  - 
5202 LOMBOK TENGAH  4  -  -  3.444  -  -  -  644  -  -  - 
5203 LOMBOK TIMUR  1  -  -  609  -  -  -  -  -  - 
5204 SUMBAWA  7  -  -  12.378  17  2  -  1.229  -  -  - 
5205 DOMPU  5  -  9  24.062  2  5  2  20  -  -  - 
5206 BIMA  19  -  -  21.680  7  1  -  5.140  1  -  - 
5271 KOTA MATARAM  1  -  -  116  -  -  -  -  -  - 
5272 KOTA BIMA  5  -  -  25.031  -  -  -  1  -  - 
53 NUSA TENGGARA TIMUR5301 KUPANG  2  -  -  340  -  -  -  91  -  -  - 
5302 TIMOR TENGAH SELATAN 1  -  -  239  -  -  -  58  -  -  - 
5304 BELU  1  1  -  -  -  -  -  -  -  - 
5305 ALOR  1  1  -  -  -  -  -  -  -  - 
5307 SIKKA  1  -  -  842  -  -  20  480  -  -  - 
5311 SUMBA TIMUR  1  1  -  -  -  -  -  -  -  - 
5313 LEMBATA  1  -  -  18  1  -  5  1  -  -  - 
5315 MANGGARAI BARAT  1  -  -  68  -  6  2  14  -  -  - 
5316 NAGEKEO  1  1  -  3  -  -  -  1  -  -  - 
5321 MALAKA  2  1  -  20.008  -  -  -  4.295  -  -  - 
5371 KOTA KUPANG  1  -  -  986  -  -  -  268  -  -  - 
61 KALIMANTAN BARAT6101 SAMBAS  6  -  -  26.942  -  -  -  5.658  -  -  - 
6102 MEMPAWAH
 2  -  -  10.157  -  -  -  2.648  -  -  - 
6103 SANGGAU  8  -  -  21.832  8  3  8  4.398  4  -  - 
6104 KETAPANG  5  -  -  21.378  -  -  -  4.193  -  -  - 
6105 SINTANG  4  -  -  78.954  1  -  -  14.981  -  -  - Kode 
Wilayah 
ProvinsiNama 
ProvinsiKode 
Wilayah 
Kabupaten 
/ KotaNama Kabupaten/
KotaJumlah 
KejadianKorban Kerusakan
Meninggal 
& HilangLuka / 
Sakit Mengungsi 
& Terdampak Rumah 
Rusak 
BeratRumah 
Rusak 
SedangRumah 
Rusak 
Ringan Rumah 
Terendam Fasilitas 
PendidikanFasilitas 
PeribadatanFasilitas 
Kesehatan
(jiwa) (unit)
(1) (2) (3) (4) (5) (6) (7) (8) (9) (10) (11) (12) (13) (14) (15)
Data Bencana Indonesia 2024
131"
24,"Tabel L5. Kejadian Bencana Banjir Tahun 2024 Berdasarkan Kabupaten/Kota (Lanjutan).
6106 KAPUAS HULU  2  -  -  80.714  2  -  -  15.145  -  -  - 
6107 BENGKAYANG  5  -  -  17.452  1  -  -  3.188  -  -  - 
6108 LANDAK  6  1  -  70.790  4  2  -  15.758  -  -  - 
6109 SEKADAU  3  -  -  43.397  -  -  -  11.284  -  -  - 
6110 MELAWI  7  2  -  48.692  -  -  -  11.557  -  -  - 
6112 KUBU RAYA  6  -  -  30.463  -  -  -  6.950  -  -  - 
6172 KOTA SINGKAWANG  2  -  -  1.775  -  -  -  337  -  -  - 
62 KALIMANTAN 
TENGAH6201 KOTAWARINGIN BARAT 4  -  -  8.183  -  -  -  1.127  -  -  - 
6202 KOTAWARINGIN TIMUR 6  -  2  6.336  -  -  -  2.288  -  -  - 
6203 KAPUAS  2  -  -  37.697  -  -  -  7.425  -  -  - 
6204 BARITO SELATAN  1  -  -  180  -  -  -  36  -  -  - 
6205 BARITO UTARA  2  -  -  90.938  -  -  -  19.490  -  -  - 
6206 KATINGAN  2  -  -  7.507  -  -  -  1.625  -  -  - 
6207 SERUYAN  1  -  -  12.186  -  -  -  2.924  -  -  - 
6208 SUKAMARA  4  -  -  2.125  -  -  -  614  -  -  - 
6209 LAMANDAU  5  -  -  5.037  -  -  -  739  -  -  - 
6210 GUNUNG MAS  2  -  -  2.974  -  -  -  714  -  -  - 
6211 PULANG PISAU  3  -  -  12.415  -  -  -  3.056  -  -  - 
6212 MURUNG RAYA  3  -  -  83.664  -  -  -  21.026  -  -  - 
6271 KOTA PALANGKARAYA 4  5  -  62.955  -  -  -  9.588  -  -  - 
63 KALIMANTAN SELATAN6301 TANAH LAUT  1  -  -  1.220  -  -  -  244  -  -  - 
6303 BANJAR  1  -  -  750  -  -  -  100  1  -  - 
6305 TAPIN  2  -  -  299  -  -  -  107  -  -  - 
6307 HULU SUNGAI TENGAH 1  -  -  6.340  -  -  -  2.210  -  -  - 
6308 HULU SUNGAI UTARA  1  -  -  18.266  -  -  -  5.413  -  -  - 
6309 TABALONG  1  -  -  241  -  -  -  90  -  -  - 
6310 TANAH BUMBU  6  -  -  22.597  -  -  -  6.239  -  -  - 
6311 BALANGAN  2  -  -  395  -  -  -  262  -  -  - 
64 KALIMANTAN TIMUR6401 PASER  3  -  -  1.889  -  -  -  496  -  -  - 
6403 BERAU  2  -  -  1.717  1  -  -  512 
 -  -  - 
6407 KUTAI BARAT  5  -  -  36.546  -  -  -  9.690  -  -  - 
6409 PENAJAM PASER UTARA 9  -  -  3.054  -  -  -  775  -  -  - 
6411 MAHAKAM ULU  2  -  -  2.940  55  5  37  14  -  -  - 
6471 KOTA BALIKPAPAN  1  -  -  2.810  -  -  -  -  -  - Kode 
Wilayah 
ProvinsiNama 
ProvinsiKode 
Wilayah 
Kabupaten 
/ KotaNama Kabupaten/
KotaJumlah 
KejadianKorban Kerusakan
Meninggal 
& HilangLuka / 
Sakit Mengungsi 
& Terdampak Rumah 
Rusak 
BeratRumah 
Rusak 
SedangRumah 
Rusak 
Ringan Rumah 
Terendam Fasilitas 
PendidikanFasilitas 
PeribadatanFasilitas 
Kesehatan
(jiwa) (unit)
(1) (2) (3) (4) (5) (6) (7) (8) (9) (10) (11) (12) (13) (14) (15)
132
Data Bencana Indonesia 2024LAMPIRAN DATA BENCANA INDONESIA TAHUN 2024"
25,"Tabel L5. Kejadian Bencana Banjir Tahun 2024 Berdasarkan Kabupaten/Kota (Lanjutan).
6472 KOTA SAMARINDA  7  1  -  2.887  -  -  -  633  -  -  - 
65 KALIMANTAN 
UTARA6501 BULUNGAN  2  -  -  10.360  777  -  -  1.275  -  -  - 
6502 MALINAU  2  -  -  13.652  5  -  -  4.038  -  -  - 
6503 NUNUKAN  1  -  -  696  -  -  -  238  -  -  - 
71 SULAWESI UTARA7101 BOLAANG MONGONDOW 4  -  -  9.207  2  -  -  2.930  -  -  - 
7102 MINAHASA  3  -  -  5.902  -  -  -  901  -  -  - 
7103 KEPULAUAN SANGIHE 1  -  -  536  -  3  2  -  -  - 
7104 KEPULAUAN TALAUD  1  -  -  110  -  -  -  -  -  - 
7106 MINAHASA UTARA  1  -  -  7.950  28  33  206  1.622  1  -  - 
7108 BOLAANG MONGONDOW UTARA 3  -  -  2.924  -  -  -  774  -  -  - 
7111 BOLAANG MONGONDOW SELATAN 1  -  -  7.788  -  -  -  2.259  -  -  - 
7171 KOTA MANADO  1  -  -  414  -  -  -  259  -  -  - 
7172 KOTA BITUNG  2  1  3  14.545  50  120  27  4.688  -  -  - 
72 SULAWESI TENGAH7201 BANGGAI  10  -  -  4.822  1  -  10  531  -  -  - 
7202 POSO  10  -  -  5.135  1  4  2  969  -  -  - 
7203 DONGGALA  11  -  -  7.914  14  -  -  1.896  2  2  1 
7204 TOLI TOLI  3  -  -  555  -  -  3  116  -  -  - 
7205 BUOL  5  1  -  7.275  55  221  253  1.482  -  -  - 
7206 MOROWALI  6  -  1  1.225  -  6  1  161  -  -  - 
7207 BANGGAI KEPULAUAN 1  -  -  120  -  -  -  24  -  -  - 
7208 PARIGI MOUTONG  14  1  -  12.481  68  8  16  2.151  -  -  - 
7209 TOJO UNA UNA  4  1  -  11.489  6  7  -  2.429  -  -  - 
7210 SIGI  8  3  1  1.578  -  -  -  241  -  -  - 
7211 BANGGAI LAUT  3  -  -  3.820  -  -  -  740  -  -  - 
7212 MOROWALI UTARA  7  -  -  9.353  -  -  -  1.115  -  -  - 
7271 KOTA PALU  3  -  -  1.720  -  -  -  265  -  -  - 
73 SULAWESI SELATAN7301 KEPULAUAN SELAYAR 1  -  -  1.135  -  -  -  168  -  -  - 
7302 BULUKUMBA  1  -  -  1.613  -  -  -  243  -  -  - 
7305 TAKALAR  1  -  -  -  -  -  -  -  -  - 
7306 GOWA  2  -  -  1.297 
 -  -  -  229  -  -  - 
7307 SINJAI  1  -  -  118  2  1  -  38  -  1  - 
7308 BONE  4  -  -  1.379  -  1  -  280  -  -  - Kode 
Wilayah 
ProvinsiNama 
ProvinsiKode 
Wilayah 
Kabupaten 
/ KotaNama Kabupaten/
KotaJumlah 
KejadianKorban Kerusakan
Meninggal 
& HilangLuka / 
Sakit Mengungsi 
& Terdampak Rumah 
Rusak 
BeratRumah 
Rusak 
SedangRumah 
Rusak 
Ringan Rumah 
Terendam Fasilitas 
PendidikanFasilitas 
PeribadatanFasilitas 
Kesehatan
(jiwa) (unit)
(1) (2) (3) (4) (5) (6) (7) (8) (9) (10) (11) (12) (13) (14) (15)
Data Bencana Indonesia 2024
133"
26,"Tabel L5. Kejadian Bencana Banjir Tahun 2024 Berdasarkan Kabupaten/Kota (Lanjutan).
7309 MAROS  1  -  -  193.102  -  -  -  -  -  - 
7310 PANGKAJENE DAN 
KEPULAUAN 1  -  -  93.876  -  -  -  1.123  -  -  - 
7311 BARRU  1  1  -  66.913  -  -  -  285  -  -  - 
7312 SOPPENG  2  1  -  31.256  13  -  -  1.310  -  -  - 
7313 WAJO  6  1  -  85.879  14  -  11  24.825  2  -  - 
7314 SIDENRENG RAPPANG 6  2  2  30.309  14  20  14  7.885  -  -  - 
7315 PINRANG  8  -  -  12.717  2  -  -  3.123  -  -  - 
7316 ENREKANG  3  -  -  9.366  7  -  -  1.142  -  -  - 
7317 LUWU  20  5  61  41.048  108  46  118  7.607  -  -  - 
7322 LUWU UTARA  18  -  -  109.084  1  1  -  24.759  -  -  - 
7324 LUWU TIMUR  2  -  -  500  -  -  -  108  -  -  - 
7371 KOTA MAKASSAR  3  -  -  65.000  -  -  -  16.580  -  -  - 
7372 KOTA PAREPARE  2  -  -  1.035  4  -  -  294  -  -  - 
7373 KOTA PALOPO  8  -  -  16.435  -  -  -  3.167  -  -  - 
74 SULAWESI TENGGARA7401 KOLAKA  1  -  -  6.315  -  -  -  1.263  -  -  - 
7402 KONAWE  4  -  -  3.095  -  -  -  344  -  -  - 
7405 KONAWE SELATAN  2  -  -  735  -  -  -  148  -  -  - 
7406 BOMBANA  1  -  -  40  -  -  -  8  -  -  - 
7409 KONAWE UTARA  2  -  -  5.280  1  -  -  1.426  -  -  - 
7410 BUTON UTARA  3  -  -  3.240  -  -  -  724  -  -  - 
7413 MUNA BARAT  1  -  -  275  -  -  -  -  -  - 
7471 KOTA KENDARI  3  2  1  16.835  -  -  -  3.304  -  -  - 
75 GORONTALO 7501 GORONTALO  4  -  -  51.117  -  -  -  7.962  -  -  - 
7502 BOALEMO  6  -  -  3.588  -  -  -  760  -  -  - 
7503 BONE BOLANGO  8  1  -  15.330  37  -  56  3.086  -  1  - 
7504 POHUWATO  5  -  -  14.440  -  -  -  4.370  -  -  - 
7505 GORONTALO UTARA  5  -  -  17.609  3  -  20  5.459  -  -  - 
7571 KOTA GORONTALO  3  1  227  56.629  -  -  -  6.799  -  -  - 
76 SULAWESI BARAT7602 MAMUJU  5  -  -  7.155  1  -  -  1.107  -  -  - 
7604 POLEWALI MANDAR  1  -  -  2.440  -  -  -  488  -  -  - 
7606 MAMUJU TENGAH
 9  -  -  6.677  -  -  5  1.154  -  -  - 
81 MALUKU 8101 MALUKU TENGAH  6  -  -  4.643  5  3  5  965  -  -  - 
8102 MALUKU TENGGARA  2  -  -  758  -  -  -  198  -  -  - 
8104 BURU  1  -  -  11.481  -  -  1  1.564  -  -  - 
8105 SERAM BAGIAN TIMUR 2  -  -  411  -  2  20  96  -  -  - LAMPIRAN DATA BENCANA INDONESIA TAHUN 2024
Kode 
Wilayah 
ProvinsiNama 
ProvinsiKode 
Wilayah 
Kabupaten 
/ KotaNama Kabupaten/
KotaJumlah 
KejadianKorban Kerusakan
Meninggal 
& HilangLuka / 
Sakit Mengungsi 
& Terdampak Rumah 
Rusak 
BeratRumah 
Rusak 
SedangRumah 
Rusak 
Ringan Rumah 
Terendam Fasilitas 
PendidikanFasilitas 
PeribadatanFasilitas 
Kesehatan
(jiwa) (unit)
(1) (2) (3) (4) (5) (6) (7) (8) (9) (10) (11) (12) (13) (14) (15)
134
Data Bencana Indonesia 2024"
27,"Tabel L5. Kejadian Bencana Banjir Tahun 2024 Berdasarkan Kabupaten/Kota (Lanjutan).
8106 SERAM BAGIAN 
BARAT 5  -  -  3.880  -  -  -  747  -  -  - 
8107 KEPULAUAN ARU  1  -  -  450  -  -  11  161  1  1  - 
8109 BURU SELATAN  1  -  -  520  -  -  -  104  -  -  - 
82 MALUKU UTARA8201 HALMAHERA BARAT  3  1  1  690  -  4  -  138  -  -  - 
8202 HALMAHERA TENGAH 7  -  -  6.996  -  -  -  966  -  -  - 
8203 HALMAHERA UTARA  1  -  -  3.740  -  -  -  748  -  -  - 
8204 HALMAHERA SELATAN 5  1  -  14.498  27  6  17  992  -  -  - 
8206 HALMAHERA TIMUR 8 - - 5176 12 - - 1027 - - -
8207 PULAU MOROTAI 2 - - 1899 - - - 430 - - -
8208 PULAU TALIABU 4 - - 905 - - - 155 - - -
8271 KOTA TERNATE 1 20 15 1000 19 - 21 39 - 1 -
8272 KOTA TIDORE KEPULAUAN9 - - 1362 1 - 82 486 - - -
91 P A P U A 9103 JAYAPURA 3 1 - 2720 - - - 692 - 1 -
9105 KEPULAUAN YAPEN 3 - - 2751 1 - 266 329 3 2 -
9111 KEEROM 3 - - 206 - - - 38 - - -
9115 WAROPEN 3 - - 633 - - - 137 1 3 -
9120 MAMBERAMO RAYA 1 - - 531 - - - 257 - - -
9171 KOTA JAYAPURA 2 - - 465 - - 1 100 - - -
92 PAPUA BARAT9202 MANOKWARI 7 - - 3705 - - 59 298 - 3 -
9206 TELUK BINTUNI 4 - - 5405 - - - 1100 - - -
9207 TELUK WONDAMA 1 - 2278 - - - - - -
9211 MANOKWARI SELATAN3 - - 1366 - - - 293 - - -
93 PAPUA SELATAN9301 MERAUKE 2 - - 3010 - 6 836 54 - - -
94 PAPUA TENGAH9402 PUNCAK JAYA 1 2 2 4 - - - - - -
9404 MIMIKA 2 7 - 5353 - - - 495 - - -
9406 DOGIYAI 1 5 1 - - - - - - -
9407 INTAN JAYA 1 5 1 - - - - - - -
96 PAPUA BARAT DAYA9601 SORONG 2 - - 5745 2 - - 3000 - - -
9671 KOTA SORONG 2 - - 9214 19 - 19 3441 - - -Kode 
Wilayah 
ProvinsiNama 
ProvinsiKode 
Wilayah 
Kabupaten 
/ KotaNama Kabupaten/
KotaJumlah 
KejadianKorban Kerusakan
Meninggal 
& HilangLuka / 
Sakit Mengungsi 
& Terdampak Rumah 
Rusak 
BeratRumah 
Rusak 
SedangRumah 
Rusak 
Ringan Rumah 
Terendam Fasilitas 
PendidikanFasilitas 
PeribadatanFasilitas 
Kesehatan
(jiwa) (unit)
(1) (2) (3) (4) (5) (6) (7) (8) (9) (10) (11) (12) (13) (14) (15)
Data Bencana Indonesia 2024
135"
28,"136
Data Bencana Indonesia 2024Tabel L6. Kejadian Bencana Cuaca Ekstrem Tahun 2024 Berdasarkan Provinsi
Kode 
Wilayah 
ProvinsiNama Provinsi Jumlah 
KejadianKorban Kerusakan
Meninggal 
& HilangLuka / 
Sakit Mengungsi 
& Terdampak  Rumah 
Rusak 
Berat  Rumah 
Rusak 
Sedang  Rumah 
Rusak 
Ringan Fasilitas 
PendidikanFasilitas 
PeribadatanFasilitas 
Kesehatan
(jiwa) (unit)
(1) (2) (3) (4) (5) (6) (7) (8) (9) (10) (11) (12)
11 ACEH  14  2  1  777  44  38  130  2  -  - 
12 SUMATERA UTARA  43  7  23  2.804  147  222  405  12  4  - 
13 SUMATERA BARAT  10  3  1  315  25  34  105  -  -  - 
14 RIAU  2  -  -  518  6  4  50  2  3  - 
15 JAMBI  7  -  5  270  32  31  235  3  1  - 
16 SUMATERA 
SELATAN 9  -  3  1.196  33  22  160  -  -  - 
17 BENGKULU  3  -  -  490  27  -  -  - 
18 LAMPUNG  24  -  9  4.322  73  189  348  1  1  1 
19 KEPULAUAN BANGKA BELITUNG 3  -  2  245  39  -  -  - 
21 KEPULAUAN RIAU  16  4  5  2.964  49  114  696  -  -  - 
31 DKI JAKARTA  5  3  2  106  20  16  -  -  - 
32 JAWA BARAT  193  3  68  25.175  653  1.443  5.024  5  8  1 
33 JAWA TENGAH  71  2  15  16.067  126  537  1.698  212  12  1 
34 DAERAH ISTIMEWA YOGYAKARTA 38  3  8  1.500  18  94  1.598  20  16  2 
35 JAWA TIMUR  141  9  44  13.170  135  371  3.975  27  17  2 
36 BANTEN  17  3  4  1.659  37  94  411  -  1  - 
51 BALI  17  7  12  7  62  69  137  1  3  - 
52 NUSA TENGGARA BARAT 17  2  1  2.581  107  161  436  2  1  1 
53 NUSA TENGGARA TIMUR 13  3  6  1.440  86  63  193  4  5  2 
61 KALIMANTAN BARAT 3  1  2  175  9  2  13  -  -  - 
63 KALIMANTAN SELATAN 4  -  -  103  9  8  16  -  1  - 
64 KALIMANTAN TIMUR 4  -  -  347  56  -  40  -  1  - 
71 SULAWESI UTARA  3  -  -  337  4  32  -  -  - 
72 SULAWESI TENGAH  4  -  -  523  9  2  16  -  -  - 
73 SULAWESI SELATAN 45  11  10  3.275  181  163  512  5  -  - 
74 SULAWESI TENGGARA 3  -  2  269  19  17  51  -  -  - 
75 GORONTALO  1  -  -  33  9  1  -  -  - 
76 SULAWESI BARAT  4  1  2  185  5  11  30  1  -  - 
81 MALUKU  11  3  3  1.225  63  80  150  -  1  - 
82 MALUKU UTARA  6  -  9  377 
 5  5  17  -  -  - 
91 P A P U A  2  1  -  31  6  -  -  - LAMPIRAN DATA BENCANA INDONESIA TAHUN 2024"
29,"Data Bencana Indonesia 2024137Tabel L7. Kejadian Bencana Cuaca Ekstrem Tahun 2024 Berdasarkan Kabupaten/Kota.
Kode 
Wilayah 
ProvinsiNama 
ProvinsiKode 
Wilayah 
Kabupaten / 
KotaNama Kabupaten 
/ KotaJumlah 
KejadianKorban Kerusakan
Meninggal 
& HilangLuka / 
Sakit Mengungsi & 
Terdampak  Rumah 
Rusak 
Berat  Rumah 
Rusak 
Sedang  Rumah 
Rusak 
Ringan Fasilitas 
PendidikanFasilitas 
PeribadatanFasilitas 
Kesehatan
(jiwa) (unit)
(1) (2) (3) (4) (5) (6) (7) (8) (9) (10) (11) (12) (13) (14)
11 ACEH 1102 ACEH TENGGARA  1  -  -  41  4  4  5  -  -  - 
1103 ACEH TIMUR  1  -  -  378  12  19  43  -  -  - 
1104 ACEH TENGAH  1  -  -  25  -  -  5  -  -  - 
1105 ACEH BARAT  1  1  -  10  -  -  -  -  -  - 
1106 ACEH BESAR  1  -  -  17  2  1  1  1  -  - 
1108 ACEH UTARA  2  -  -  91  14  -  53  -  -  - 
1111 BIREUEN  2  -  -  36  6  5  3  -  -  - 
1112 ACEH BARAT DAYA  1  -  -  95  -  -  11  -  -  - 
1114 ACEH JAYA  2  -  -  50  5  3  9  -  -  - 
1118 PIDIE JAYA  1  -  -  30  -  6  -  -  -  - 
1171 KOTA BANDA ACEH  1  1  1  4  1  -  -  1  -  - 
12 SUMATERA 
UTARA1202 TAPANULI UTARA  2  1  10  -  10  -  -  -  -  - 
1203 TAPANULI SELATAN  1  1  2  1  1  -  -  -  -  - 
1207 DELI SERDANG  15  2  4  1.216  66  128  134  4  3  - 
1208 SIMALUNGUN  5  -  1  140  13  10  136  -  -  - 
1210 LABUHANBATU  1  2  8  -  -  -  -  -  - 
1211 DAIRI  1  -  48  5  3  4  -  -  - 
1212 TOBA  1  -  20  -  -  6  -  -  - 
1213 MANDAILING NATAL 1  -  1  -  10  -  -  -  -  - 
1216 HUMBANG HASUNDUTAN 1  -  5  -  -  1  5  -  - 
1217 SAMOSIR  1  1  5  -  -  -  -  -  1  - 
1218 SERDANG BEDAGAI  3  -  -  174  6  -  12  -  -  - 
1219 BATU BARA  2  -  60  8  -  2  3  -  - 
1221 PADANG LAWAS  1  -  660  3  13  67  -  -  - 
1223 LABUHANBATU UTARA 2  -  187  9  27  23  -  -  - 
1271 KOTA MEDAN  3  -  -  201  -  33  15  -  -  - 
1272 KOTA PEMATANGSIANTAR 2  -  60  16  3  4  -  -  - 
1275 KOTA BINJAI  1  -  24  -  5  1  -  -  - 
13 SUMATERA BARAT1302 SOLOK  1  -  -  -  -  16  - 
 -  - 
1305 PADANG PARIAMAN  1  -  -  -  -  5  -  -  - 
1306 AGAM  2  1  -  -  -  10  -  -  - 
1310 DHARMASRAYA  1  1  -  -  -  -  -  -  - 
1311 SOLOK SELATAN  3  -  -  11  20  16  -  -  - 
1312 PASAMAN BARAT  1  1  -  -  -  -  -  -  - 
1376 KOTA PAYAKUMBUH  1  -  1  315  14  14  58  -  -  - "
30,"138
Data Bencana Indonesia 2024Tabel L7. Kejadian Bencana Cuaca Ekstrem Tahun 2024 Berdasarkan Kabupaten/Kota (Lanjutan).
14 RIAU 1401 KAMPAR  2  -  -  518  6  4  50  2  3  - 
15 JAMBI 1501 KERINCI  1  -  -  -  6  -  37  -  -  - 
1502 MERANGIN  2  -  -  187  -  -  146  -  1  - 
1504 BATANGHARI  1  -  5  6  18  20  44  3  -  - 
1505 MUARO JAMBI  1  -  -  -  1  8  -  -  -  - 
1506 TANJUNG JABUNG 
BARAT 1  -  -  30  2  -  6  -  -  - 
1507 TANJUNG JABUNG TIMUR 1  -  -  47  5  3  2  -  -  - 
16 SUMATERA SELATAN1601 OGAN KOMERING ULU 1  -  -  340  -  1  67  -  -  - 
1602 OGAN KOMERING ILIR 1  -  -  85  17  -  -  -  -  - 
1603 MUARA ENIM  2  -  3  375  8  -  64  -  -  - 
1607 BANYUASIN  3  -  -  311  6  21  -  -  -  - 
1673 KOTA LUBUK LINGGAU 1  -  -  25  2  -  3  -  -  - 
1674 KOTA PRABUMULIH  1  -  -  60  -  -  26  -  -  - 
17 BENGKULU 1703 BENGKULU UTARA  2  -  -  -  -  27  -  -  -  - 
1771 KOTA BENGKULU  1  -  -  490  -  -  -  -  -  - 
18 LAMPUNG 1801 LAMPUNG SELATAN  5  -  8  1.165  18  87  130  -  1  1 
1805 TULANG BAWANG  6  -  -  1.387  1  41  60  -  -  - 
1806 TANGGAMUS  1  -  -  25  -  5  -  -  -  - 
1807 LAMPUNG TIMUR  6  -  -  860  19  50  36  1  -  - 
1808 WAY KANAN  2  -  -  610  28  -  74  -  -  - 
1809 PESAWARAN  4  -  1  275  7  6  48  -  -  - 
19 KEPULAUAN BANGKA BELITUNG1903 BANGKA SELATAN  1  -  -  57  -  -  -  -  -  - 
1904 BANGKA TENGAH  1  -  2  70  -  -  -  -  -  - 
1971 KOTA PANGKAL PINANG 1  -  -  118  -  -  39  -  -  - 
21 KEPULAUAN RIAU2101 BINTAN  4  1  2  1.583  6  14  451  -  -  - 
2102 KARIMUN  3  -  -  638  -  24  224  -  -  - 
2103 NATUNA  3  -  -  95  9  9  6  -  -  - 
2171 KOTA BATAM  4  2  3  393  34  47  15  -  -  - 
2172 KOTA TANJUNG PINANG 2  1  -  255  -  20  -  -  -  - 
31 DKI JAKARTA 3174 KOTA ADM. JAKARTA SELATAN 3  3  1  39  -  5  9  -  -  - 
3175 KOTA ADM. JAKARTA TIMUR 2  -  1  67  -  15  7  -  - 
 - Kode 
Wilayah 
ProvinsiNama 
ProvinsiKode 
Wilayah 
Kabupaten / 
KotaNama Kabupaten 
/ KotaJumlah 
KejadianKorban Kerusakan
Meninggal 
& HilangLuka / 
Sakit Mengungsi & 
Terdampak  Rumah 
Rusak 
Berat  Rumah 
Rusak 
Sedang  Rumah 
Rusak 
Ringan Fasilitas 
PendidikanFasilitas 
PeribadatanFasilitas 
Kesehatan
(jiwa) (unit)
(1) (2) (3) (4) (5) (6) (7) (8) (9) (10) (11) (12) (13) (14)LAMPIRAN DATA BENCANA INDONESIA TAHUN 2024"
31,"Data Bencana Indonesia 2024139Tabel L7. Kejadian Bencana Cuaca Ekstrem Tahun 2024 Berdasarkan Kabupaten/Kota (Lanjutan).
32 JAWA BARAT 3201 BOGOR  83  2  13  7.259  122  446  1.211  2  2  - 
3202 SUKABUMI  14  -  1  2.069  128  68  430  -  -  - 
3203 CIANJUR  6  -  -  721  22  8  195  -  -  - 
3204 BANDUNG  10  -  24  3.139  217  254  336  2  2  1 
3205 GARUT  3  -  -  119  1  5  34  -  -  - 
3206 TASIKMALAYA  4  -  193  -  15  40  -  -  - 
3207 CIAMIS  12  -  -  901  5  25  283  -  -  - 
3208 KUNINGAN  1  -  38  1  -  12  -  -  - 
3209 CIREBON  2  -  -  172  10  -  33  -  -  - 
3210 MAJALENGKA  2  1  1  66  1  7  42  -  -  - 
3211 SUMEDANG  2  -  25  2.637  -  213  466  -  -  - 
3212 INDRAMAYU  3  -  3  2.230  20  73  299  1  1  - 
3213 SUBANG  1  -  -  100  12  -  12  -  -  - 
3214 PURWAKARTA  3  -  81  -  3  494  -  -  - 
3215 KARAWANG  14  -  -  2.020  61  153  404  -  -  - 
3216 BEKASI  2  -  -  490  -  -  98  -  -  - 
3217 BANDUNG BARAT  13  -  1  1.364  27  75  363  -  2  - 
3218 PANGANDARAN  3  -  107  1  10  9  -  -  - 
3271 KOTA BOGOR  8  -  -  459  8  37  64  -  -  - 
3272 KOTA SUKABUMI  4  -  -  804  9  28  176  -  1  - 
3277 KOTA CIMAHI  1  -  69  1  6  8  -  -  - 
3278 KOTA TASIKMALAYA  3  -  137  7  17  15  -  -  - 
33 JAWA 
TENGAH3301 CILACAP  7  -  -  700  2  4  136  -  -  - 
3302 BANYUMAS  7  -  1  1.795  11  7  246  -  4  - 
3303 PURBALINGGA  1  -  -  115  2  -  21  -  -  - 
3304 BANJARNEGARA  1  -  -  113  -  -  62  -  -  - 
3305 KEBUMEN  4  -  -  235  -  -  13  -  -  - 
3307 WONOSOBO  3  1  -  435  3  4  24  -  -  - 
3308 MAGELANG  1  -  -  50  -  -  -  -  -  - 
3309 BOYOLALI  2  -  1  51  5  32  19  -  -  - 
3310 KLATEN  6  -  4  1.317  3  50  265  3  6  - 
3311 SUKOHARJO  1  -  -  285  -  5  52  -  -  - 
3312 WONOGIRI  1  -  -  165  -  -  -  -  -  - 
3313 KARANGANYAR  4  -  -  310  -  17  19  -  -  - 
3314 SRAGEN  2  -  -  232  -  -  41  -  -  - 
3315 GROBOGAN  4  -  1  5.630  50  353  164  -  -  - 
3316 BLORA  2  -  -  160  1  7  12  -  -  - 
3317 REMBANG  1  -  1  60  -  -  12  -  -  - 
3318 PATI  2  -  -  410  7  2  74  3  -  - Kode 
Wilayah 
ProvinsiNama 
ProvinsiKode 
Wilayah 
Kabupaten / 
KotaNama Kabupaten 
/ KotaJumlah 
KejadianKorban Kerusakan
Meninggal 
& HilangLuka / 
Sakit Mengungsi & 
Terdampak  Rumah 
Rusak 
Berat  Rumah 
Rusak 
Sedang  Rumah 
Rusak 
Ringan Fasilitas 
PendidikanFasilitas 
PeribadatanFasilitas 
Kesehatan
(jiwa) (unit)
(1) (2) (3) (4) (5) (6) (7) (8) (9) (10) (11) (12) (13) (14)"
32,"140
Data Bencana Indonesia 2024Tabel L7. Kejadian Bencana Cuaca Ekstrem Tahun 2024 Berdasarkan Kabupaten/Kota (Lanjutan).
3319 KUDUS  1  -  -  50  -  -  10  -  -  - 
3320 JEPARA  4  -  -  1.110  -  14  208  -  -  - 
3321 DEMAK  3  -  1  455  25  -  56  1  -  - 
3322 SEMARANG  1  -  -  24  -  2  4  -  -  - 
3323 TEMANGGUNG  1  -  -  176  1  9  41  -  -  - 
3324 KENDAL  2  -  -  275  -  -  15  -  1  - 
3326 PEKALONGAN  1  -  -  25  -  1  3  1  -  - 
3328 TEGAL  4  -  -  1.333  -  14  128  203  1  1 
3329 BREBES  1  -  -  175  -  4  31  -  -  - 
3372 KOTA SURAKARTA  3  1  6  361  16  9  41  -  -  - 
3376 KOTA TEGAL  1  -  -  20  -  3  1  1  -  - 
34 DAERAH 
ISTIMEWA YOGYAKARTA3401 KULON PROGO  6  -  14  1  8  139  5  1  1 
3402 BANTUL  8  1  2  430  1  6  98  3  3  - 
3403 GUNUNGKIDUL  11  1  3  -  7  21  870  4  4  - 
3404 SLEMAN  13  1  3  1.056  9  59  491  8  8  1 
35 JAWA TIMUR 3501 PACITAN  2  1  1  32  -  -  18  -  -  - 
3502 PONOROGO  1  -  -  20  -  -  4  -  1  - 
3503 TRENGGALEK  3  1  1  176  1  -  45  -  -  - 
3504 TULUNGAGUNG  7  -  -  1.045  1  -  294  -  1  - 
3505 BLITAR  9  1  1  1.425  7  5  190  1  -  - 
3506 KEDIRI  2  -  -  -  1  1  135  1  -  - 
3507 MALANG  9  -  -  255  2  13  120  1  -  - 
3508 LUMAJANG  5  -  -  205  -  1  96  -  -  - 
3509 JEMBER  10  1  6  555  6  8  109  2  1  - 
3510 BANYUWANGI  2  -  -  230  5  5  93  -  -  - 
3511 BONDOWOSO  7  -  19  1.740  18  104  310  8  3  - 
3512 SITUBONDO  1  -  -  25  2  -  3  -  -  - 
3513 PROBOLINGGO  1  -  -  -  -  -  11  -  -  - 
3514 PASURUAN  6  1  -  55  -  -  121  -  1  - 
3515 SIDOARJO  9  1  2  1.415  -  -  467  1  -  - 
3516 MOJOKERTO  5  -  -  60  20  43  27  -  -  - 
3517 JOMBANG  8  -  2  51  1  10  99  1  -  - 
3518 NGANJUK  1  -  -  55  -  2  9  -  - 
 - 
3519 MADIUN  3  -  1  210  4  2  111  -  3  - 
3520 MAGETAN  4  1  1  705  -  95  48  1  -  - 
3521 NGAWI  2  1  1  -  -  -  5  -  -  - 
3522 BOJONEGORO  5  -  -  735  9  1  179  -  -  1 Kode 
Wilayah 
ProvinsiNama 
ProvinsiKode 
Wilayah 
Kabupaten / 
KotaNama Kabupaten 
/ KotaJumlah 
KejadianKorban Kerusakan
Meninggal 
& HilangLuka / 
Sakit Mengungsi & 
Terdampak  Rumah 
Rusak 
Berat  Rumah 
Rusak 
Sedang  Rumah 
Rusak 
Ringan Fasilitas 
PendidikanFasilitas 
PeribadatanFasilitas 
Kesehatan
(jiwa) (unit)
(1) (2) (3) (4) (5) (6) (7) (8) (9) (10) (11) (12) (13) (14)LAMPIRAN DATA BENCANA INDONESIA TAHUN 2024"
33,"Data Bencana Indonesia 2024141Tabel L7. Kejadian Bencana Cuaca Ekstrem Tahun 2024 Berdasarkan Kabupaten/Kota.
3523 TUBAN  2  -  -  110  -  3  30  -  -  - 
3524 LAMONGAN  5  -  2  540  11  12  100  3  1  - 
3525 GRESIK  5  1  1  660  1  7  205  -  1  - 
3526 BANGKALAN  1  -  -  190  -  3  56  2  3  - 
3527 SAMPANG  4  -  -  30  11  11  71  -  -  - 
3528 PAMEKASAN  14  -  5  2.339  13  41  764  6  2  1 
3529 SUMENEP  2  -  -  75  -  -  85  -  -  - 
3571 KOTA KEDIRI  1  -  -  192  20  3  25  -  -  - 
3572 KOTA BLITAR  1  -  -  -  -  -  5  -  -  - 
3575 KOTA PASURUAN  2  -  -  -  2  -  38  -  -  - 
3577 KOTA MADIUN  1  -  1  40  -  1  7  -  -  - 
3578 KOTA SURABAYA  1  -  -  -  -  -  95  -  -  - 
36 BANTEN 3601 PANDEGLANG  5  1  4  1.047  20  41  101  -  -  - 
3602 LEBAK  2  2  -  35  2  -  5  -  -  - 
3604 SERANG  2  -  -  449  6  37  65  -  1  - 
3673 KOTA SERANG  8  -  -  128  9  16  240  -  -  - 
51 BALI 5101 JEMBRANA  4  2  11  -  5  28  78  -  -  - 
5102 TABANAN  1  1  -  -  -  -  -  -  -  - 
5103 BADUNG  4  1  -  -  32  18  49  -  1  - 
5104 GIANYAR  1  2  1  -  -  1  -  -  -  - 
5105 KLUNGKUNG  2  -  -  7  19  -  -  -  -  - 
5107 KARANGASEM  1  -  -  -  2  4  5  -  -  - 
5108 BULELENG  4  1  -  -  4  18  5  1  2  - 
52 NUSA 
TENGGARA BARAT5201 LOMBOK BARAT  6  -  -  1.230  52  111  211  -  -  - 
5202 LOMBOK TENGAH  6  1  1  600  31  43  106  -  -  - 
5203 LOMBOK TIMUR  1  1  -  -  -  3  -  -  -  - 
5204 SUMBAWA  2  -  -  239  5  3  59  1  -  - 
5206 BIMA  1  -  -  472  19  -  51  1  1  1 
5207 SUMBAWA BARAT  1  -  -  40  -  1  9  -  -  - 
53 NUSA TENGGARA TIMUR5301 KUPANG  3  1  -  140  4  7  15  1  -  - 
5303 TIMOR TENGAH UTARA 1  -  -  550  22  27  70  2  3  - 
5304 BELU  1  -  -  64  6  -  11  -  1  - 
5305 ALOR  1 
 -  5  163  25  -  16  -  -  - 
5306 FLORES TIMUR  1  -  1  66  22  -  -  -  -  1 
5308 ENDE  1  -  -  36  -  6  3  -  -  - Kode 
Wilayah 
ProvinsiNama 
ProvinsiKode 
Wilayah 
Kabupaten / 
KotaNama Kabupaten 
/ KotaJumlah 
KejadianKorban Kerusakan
Meninggal 
& HilangLuka / 
Sakit Mengungsi & 
Terdampak  Rumah 
Rusak 
Berat  Rumah 
Rusak 
Sedang  Rumah 
Rusak 
Ringan Fasilitas 
PendidikanFasilitas 
PeribadatanFasilitas 
Kesehatan
(jiwa) (unit)
(1) (2) (3) (4) (5) (6) (7) (8) (9) (10) (11) (12) (13) (14)"
34,"142
Data Bencana Indonesia 2024Tabel L7. Kejadian Bencana Cuaca Ekstrem Tahun 2024 Berdasarkan Kabupaten/Kota (Lanjutan).
5309 NGADA  1  -  -  105  6  20  -  -  -  1 
5310 MANGGARAI  1  -  -  228  -  -  61  -  -  - 
5314 ROTE NDAO  1  2  -  7  -  -  2  -  -  - 
5318 SUMBA BARAT 
DAYA 1  -  -  20  1  2  2  1  1  - 
5371 KOTA KUPANG  1  -  -  61  -  1  13  -  -  - 
61 KALIMANTAN BARAT6112 KUBU RAYA  2  1  2  175  1  2  9  -  -  - 
6171 KOTA PONTIANAK  1  -  -  -  8  -  4  -  -  - 
63 KALIMANTAN SELATAN6303 BANJAR  4  -  -  103  9  8  16  -  1  - 
64 KALIMANTAN TIMUR6401 PASER  1  -  -  119  5  -  25  -  1  - 
6407 KUTAI BARAT  1  -  -  66  7  -  15  -  -  - 
6409 PENAJAM PASER UTARA 2  -  -  162  44  -  -  -  -  - 
71 SULAWESI UTARA7102 MINAHASA  2  -  -  282  4  -  32  -  -  - 
7105 MINAHASA SELATAN 1  -  -  55  -  -  -  -  -  - 
72 SULAWESI TENGAH7203 DONGGALA  1  -  -  32  6  -  5  -  -  - 
7206 MOROWALI  1  -  -  375  -  -  -  -  -  - 
7207 BANGGAI KEPULAUAN 1  -  -  56  1  2  11  -  -  - 
7209 TOJO UNA UNA  1  -  -  60  2  -  -  -  -  - 
73 SULAWESI SELATAN7302 BULUKUMBA  2  -  -  75  -  2  18  -  -  - 
7304 JENEPONTO  1  -  -  170  9  4  17  -  -  - 
7305 TAKALAR  4  -  -  35  3  10  15  -  -  - 
7308 BONE  5  -  -  290  6  14  61  -  -  - 
7309 MAROS  3  -  -  80  1  13  7  -  -  - 
7310 PANGKAJENE DAN KEPULAUAN 3  -  -  115  1  17  5  -  -  - 
7311 BARRU  1  -  -  17  -  2  4  -  -  - 
7312 SOPPENG  2  9  8  105  22  -  -  -  -  - 
7313 WAJO  2  -  -  207  39  25  72  -  -  - 
7314 SIDENRENG RAPPANG 5  2  2  719  7  15  153  5  -  - 
7315 PINRANG  8  -  -  863  54  47  75  -  -  - 
7317 LUWU  3  -  -  173  -  6  37  -  -  - 
7322 LUWU UTARA  3  -  -  117  -  -  24  -  -  - Kode 
Wilayah 
ProvinsiNama 
ProvinsiKode 
Wilayah 
Kabupaten / 
KotaNama Kabupaten 
/ KotaJumlah 
KejadianKorban Kerusakan
Meninggal 
& HilangLuka / 
Sakit Mengungsi & 
Terdampak  Rumah 
Rusak 
Berat  Rumah 
Rusak 
Sedang  Rumah 
Rusak 
Ringan Fasilitas 
PendidikanFasilitas 
PeribadatanFasilitas 
Kesehatan
(jiwa) (unit)
(1) (2) (3) (4) (5) (6) (7) (8) (9) (10) (11) (12) (13) (14)LAMPIRAN DATA BENCANA INDONESIA TAHUN 2024"
35,"Data Bencana Indonesia 2024143Tabel L7. Kejadian Bencana Cuaca Ekstrem Tahun 2024 Berdasarkan Kabupaten/Kota (Lanjutan).
7324 LUWU TIMUR  2  -  -  309  39  8  16  -  -  - 
7372 KOTA PAREPARE  1  -  -  -  -  -  8  -  -  - 
74 SULAWESI 
TENGGARA7402 KONAWE  2  -  -  195  14  9  46  -  -  - 
7407 WAKATOBI  1  -  2  74  5  8  5  -  -  - 
75 GORONTALO 7501 GORONTALO  1  -  -  33  9  -  1  -  -  - 
76 SULAWESI BARAT7602 MAMUJU  1  -  -  27  2  1  5  -  -  - 
7603 MAMASA  1  -  -  108  3  2  23  -  -  - 
7604 POLEWALI MANDAR  2  1  2  50  -  8  2  1  -  - 
81 MALUKU 8102 MALUKU TENGGARA 1  -  -  700  36  55  49  -  -  - 
8103 KEPULAUAN TANIMBAR 1  -  -  95  -  -  17  -  -  - 
8105 SERAM BAGIAN TIMUR 1  -  -  150  2  -  13  -  -  - 
8107 KEPULAUAN ARU  2  -  -  45  4  -  14  -  -  - 
8109 BURU SELATAN  1  -  -  -  10  -  12  -  -  - 
8171 KOTA AMBON  3  3  3  -  -  -  34  -  -  - 
8172 KOTA TUAL  2  -  -  235  11  25  11  -  1  - 
82 MALUKU UTARA8201 HALMAHERA BARAT 1  -  1  8  2  -  8  -  -  - 
8203 HALMAHERA UTARA 1  -  -  100  -  -  2  -  -  - 
8207 PULAU MOROTAI  1  -  -  25  -  5  -  -  -  - 
8208 PULAU TALIABU  3  -  8  244  3  -  7  -  -  - 
91 P A P U A 9103 JAYAPURA  1  1  -  -  -  -  -  -  -  - 
9105 KEPULAUAN YAPEN  1  -  -  31  -  -  6  -  -  - Kode 
Wilayah 
ProvinsiNama 
ProvinsiKode 
Wilayah 
Kabupaten / 
KotaNama Kabupaten 
/ KotaJumlah 
KejadianKorban Kerusakan
Meninggal 
& HilangLuka / 
Sakit Mengungsi & 
Terdampak  Rumah 
Rusak 
Berat  Rumah 
Rusak 
Sedang  Rumah 
Rusak 
Ringan Fasilitas 
PendidikanFasilitas 
PeribadatanFasilitas 
Kesehatan
(jiwa) (unit)
(1) (2) (3) (4) (5) (6) (7) (8) (9) (10) (11) (12) (13) (14)"
36,"Tabel L8. Kejadian Bencana Tanah Longsor Tahun 2024 Berdasarkan Provinsi.
144
Data Bencana Indonesia 2024Kode 
Wilayah 
ProvinsiNama Provinsi Jumlah 
KejadianKorban Kerusakan
Meninggal 
& HilangLuka / 
Sakit Mengungsi 
& TerdampakRumah 
Rusak 
BeratRumah 
Rusak 
SedangRumah 
Rusak 
RinganFasilitas 
PendidikanFasilitas 
PeribadatanFasilitas 
Kesehatan
(jiwa) (unit)
(1) (2) (3) (4) (5) (6) (7) (8) (9) (10) (11) (12)
11  ACEH  2  4  1  95  12  10  3  -  -  - 
12  SUMATERA UTARA  15  32  39  3.278  27  1  12  -  2  - 
13  SUMATERA BARAT  10  23  19  127  5  5  -  -  - 
14  RIAU  1  -  -  41  13  -  -  - 
15  JAMBI  2  -  -  13  14  2  10  -  -  - 
16  SUMATERA SELATAN  1  -  -  67  -  -  - 
17  BENGKULU  4  2  -  80  1  5  -  -  - 
21  KEPULAUAN RIAU  1  -  -  170  -  -  - 
32  JAWA BARAT  78  38  20  29.244  951  1.134  2.577  3  5  - 
33  JAWA TENGAH  19  18  11  4.742  140  71  64  1  2  - 
34  DAERAH ISTIMEWA 
YOGYAKARTA  5  -  -  2  16  -  -  - 
35  JAWA TIMUR  14  12  -  924  1  7  41  -  -  - 
36  BANTEN  7  2  1  1.744  50  17  175  -  -  - 
51  BALI  4  6  6  -  1  -  -  - 
52  NUSA TENGGARA BARAT  1  -  -  52  -  -  - 
53  NUSA TENGGARA TIMUR  5  9  -  963  3  8  13  -  -  - 
63  KALIMANTAN SELATAN  1  -  -  35  12  -  -  - 
64  KALIMANTAN TIMUR  3  -  -  126  10  -  16  -  1  - 
65  KALIMANTAN UTARA  2  3  -  1.216  5  5  -  -  - 
71  SULAWESI UTARA  1  -  -  40  8  -  -  - 
72  SULAWESI TENGAH  1  -  -  174  -  -  - 
73  SULAWESI SELATAN  14  38  16  2.828  50  10  66  -  1  - 
75  GORONTALO  2  43  8  325  -  -  - 
76  SULAWESI BARAT  3  -  1  6.929  58  39  176  -  -  - 
81  MALUKU  3  -  -  368  7  -  -  - 
82  MALUKU UTARA  4  1  -  190  2  32  -  -  - 
92 PAPUA BARAT 1 4 1  1.080 8 0 0 0
95 PAPUA PEGUNUNGAN 3 0 0  4.680 1146 44 21 1 5LAMPIRAN DATA BENCANA INDONESIA TAHUN 2024"
37,"Tabel L9. Kejadian Bencana Tanah Longsor Tahun 2024 Berdasarkan Kabupaten/Kota.
Kode 
Wilayah 
ProvinsiNama Provinsi Kode 
Wilayah 
Kabupaten 
/ KotaNama 
Kabupaten/KotaJumlah 
KejadianKorban Kerusakan
Meninggal 
& HilangLuka / 
Sakit Mengungsi & 
Terdampak Rumah 
Rusak 
BeratRumah 
Rusak 
SedangRumah 
Rusak 
RinganFasilitas 
PendidikanFasilitas 
PeribadatanFasilitas 
Kesehatan
(jiwa) (unit)
(1) (2) (3) (4) (5) (6) (7) (8) (9) (10) (11) (12) (13) (14)
11 ACEH 1104 ACEH TENGAH  1  4  -  66  9  10  -  -  -  - 
1112 ACEH BARAT 
DAYA 1  -  1  29  3  -  3  -  -  - 
12 SUMATERA UTARA1202 TAPANULI UTARA  2  4  14  8  2  -  -  -  -  - 
1206 KARO  4  12  -  515  16  -  -  -  1  - 
1207 DELI SERDANG  2  10  24  37  5  -  1  -  1  - 
1211 DAIRI  2  -  1.600  2  1  11  -  -  - 
1215 PAKPAK BHARAT  1  -  1.095  -  -  -  -  -  - 
1217 SAMOSIR  1  1  -  -  -  -  -  -  - 
1221 PADANG LAWAS  1  4  1  23  2  -  -  -  -  - 
1277 KOTA PADANG SIDEMPUAN 2  1  -  -  -  -  -  -  -  - 
13 SUMATERA BARAT1302 SOLOK  2  13  12  77  -  -  -  -  -  - 
1305 PADANG PARIAMAN 3  5  1  -  -  -  -  -  -  - 
1306 AGAM  2  2  -  -  -  -  -  -  - 
1307 LIMA PULUH KOTA 2  1  -  50  5  -  5  -  -  - 
1371 KOTA PADANG  1  2  6  -  -  -  -  -  -  - 
14 RIAU 1404 INDRAGIRI HILIR  1  -  -  41  13  -  -  -  -  - 
15 JAMBI 1502 MERANGIN  1  -  -  -  13  -  -  -  -  - 
1572 KOTA SUNGAI PENUH 1  -  -  13  1  2  10  -  -  - 
16 SUMATERA SELATAN1609 OGAN KOMERING ULU SELATAN 1  -  -  67  -  -  -  -  -  - 
17 BENGKULU 1703 BENGKULU UTARA 1  1  -  -  -  -  -  -  -  - 
1704 KAUR  1  1  -  -  -  -  -  -  -  - 
1706 MUKO MUKO  1  -  -  80  1  -  -  -  -  - 
1771 KOTA BENGKULU  1  -  -  -  -  -  5  -  -  - 
21 KEPULAUAN RIAU2103 NATUNA  1  -  -  170  -  -  -  -  -  - 
32 JAWA BARAT 3201 BOGOR  19  -  -  1.659  10  100  136  -  -  - 
3202 SUKABUMI  10  14  1  381  32  24  31  -  1  - 
3203 CIANJUR  7  2  5  20.074  808  886  2.126  2  2  - 
3204 BANDUNG  2  1  -  46  -  -  13  -  -  - 
3205 GARUT  2  3  -  35  1  3  5  -  1  - 
3206 TASIKMALAYA  3  -  -  492  11  4  51  -  -  - 
3207 CIAMIS  4  -  -  469  2  11  75  -  -  - 
3208 KUNINGAN  1  -  -  15  -  2  6  -  -  - 
Data Bencana Indonesia 2024
145"
38,"3210 MAJALENGKA  1  1  -  10  -  -  -  -  -  - 
3211 SUMEDANG  1  -  54  -  -  -  -  -  - 
3213 SUBANG  1  2  11  262  -  -  -  -  -  - 
3214 PURWAKARTA  8  -  1  2.158  45  35  42  -  1  - 
3216 BEKASI  1  -  -  80  7  6  1  -  -  - 
3217 BANDUNG BARAT  13  13  1  2.734  35  58  67  1  -  - 
3271 KOTA BOGOR  2  2  1  19  -  3  2  -  -  - 
3272 KOTA SUKABUMI  1  -  -  205  -  -  -  -  -  - 
3273 KOTA BANDUNG  1  -  -  64  -  -  -  -  -  - 
3276 KOTA DEPOK  1  -  487  -  2  22  -  -  - 
33 JAWA TENGAH 3301 CILACAP  1  -  -  19  5  4  -  -  -  - 
3302 BANYUMAS  1  -  -  75  -  2  -  -  -  - 
3304 BANJARNEGARA  2  -  1  316  31  10  5  -  -  - 
3305 KEBUMEN  2  2  5  90  3  2  18  1  1  - 
3306 PURWOREJO  1  4  -  5  1  -  -  -  -  - 
3307 WONOSOBO  1  2  -  14  3  1  -  -  -  - 
3308 MAGELANG  1  -  4  85  -  1  6  -  -  - 
3313 KARANGANYAR  1  -  -  281  -  -  -  -  -  - 
3314 SRAGEN  1  5  -  65  1  -  -  -  -  - 
3323 TEMANGGUNG  2  2  1  20  1  2  1  -  -  - 
3324 KENDAL  1  1  -  5  -  1  -  -  -  - 
3327 PEMALANG  1  -  -  248  10  3  -  -  -  - 
3329 BREBES  3  -  -  3.519  85  45  34  -  1  - 
3372 KOTA 
SURAKARTA 1  2  -  -  -  -  -  -  -  - 
34 DAERAH ISTIMEWA YOGYAKARTA3401 KULON PROGO  3  -  -  -  -  12  -  -  - 
3403 GUNUNGKIDUL  2  -  -  -  2  4  -  -  - 
35 JAWA TIMUR 3501 PACITAN  1  1  -  -  -  -  1  -  -  - 
3503 TRENGGALEK  1  -  -  55  -  -  9  -  -  - 
3504 TULUNGAGUNG  1  -  -  -  -  -  6  -  -  - 
3505 BLITAR  1  3  -  -  -  -  -  -  -  - 
3507 MALANG  2  2  -  -  1  -  8  -  -  - 
3508 LUMAJANG  2  5  -  -  -  1  -  -  -  - 
3512 SITUBONDO  1  1  -  -  -  -  -  -  - 
 - 
3516 MOJOKERTO  1  -  -  35  -  6  1  -  -  - 
3517 JOMBANG  1  -  -  34  -  -  11  -  -  - 
3518 NGANJUK  1  -  -  750  -  -  -  -  -  - 
3528 PAMEKASAN  1  -  -  -  -  -  5  -  -  - Kode 
Wilayah 
ProvinsiNama Provinsi Kode 
Wilayah 
Kabupaten 
/ KotaNama 
Kabupaten/KotaJumlah 
KejadianKorban Kerusakan
Meninggal 
& HilangLuka / 
Sakit Mengungsi & 
Terdampak Rumah 
Rusak 
BeratRumah 
Rusak 
SedangRumah 
Rusak 
RinganFasilitas 
PendidikanFasilitas 
PeribadatanFasilitas 
Kesehatan
(jiwa) (unit)
(1) (2) (3) (4) (5) (6) (7) (8) (9) (10) (11) (12) (13) (14)
146
Data Bencana Indonesia 2024Tabel L9. Kejadian Bencana Tanah Longsor Tahun 2024 Berdasarkan Kabupaten/Kota. (Lanjutan)LAMPIRAN DATA BENCANA INDONESIA TAHUN 2024"
39,"3579 KOTA BATU  1  -  -  50  -  -  -  -  -  - 
36 BANTEN 3601 PANDEGLANG  2  -  -  44  -  2  11  -  -  - 
3602 LEBAK  3  2  1  1.625  50  5  164  -  -  - 
3674 KOTA 
TANGERANG SELATAN 2  -  -  75  -  10  -  -  -  - 
51 BALI 5102 TABANAN  1  2  -  -  -  -  -  -  -  - 
5104 GIANYAR  1  2  -  -  -  1  -  -  -  - 
5106 BANGLI  1  1  3  -  -  -  -  -  -  - 
5107 KARANGASEM  1  1  3  -  -  -  -  -  -  - 
52 NUSA TENGGARA BARAT5208 LOMBOK UTARA  1  -  -  52  -  -  -  -  -  - 
53 NUSA TENGGARA TIMUR5308 ENDE  3  9  -  10  1  2  -  -  -  - 
5315 MANGGARAI BARAT 1  -  -  878  -  -  -  -  -  - 
5371 KOTA KUPANG  1  -  -  75  2  6  13  -  -  - 
63 KALIMANTAN SELATAN6311 BALANGAN  1  -  -  35  -  -  12  -  -  - 
64 KALIMANTAN TIMUR6402 KUTAI KARTANEGARA 1  -  -  86  5  -  11  -  1  - 
6471 KOTA BALIKPAPAN 1  -  -  20  5  -  -  -  -  - 
6472 KOTA SAMARINDA 1  -  -  20  -  -  5  -  -  - 
65 KALIMANTAN UTARA6503 NUNUKAN  1  -  -  1.166  -  -  -  -  -  - 
6571 KOTA TARAKAN  1  3  -  50  5  -  5  -  -  - 
71 SULAWESI UTARA7171 KOTA MANADO  1  -  -  40  8  -  -  -  -  - 
72 SULAWESI TENGAH7208 PARIGI MOUTONG 1  -  -  174  -  -  -  -  -  - 
73 SULAWESI SELATAN7302 BULUKUMBA  1  1  -  -  -  -  -  -  -  - 
7306 GOWA  1  -  -  115  -  -  -  -  -  - 
7307 SINJAI  1  -  -  116  1  1  30  -  1  - 
7311 BARRU  1  -  -  1.279  -  -  17  -  -  - 
7315 PINRANG  1  -  -  218  5  4  4  -  -  - 
7316 ENREKANG  1  -  -  101  -  -  -  -  -  - 
7317 LUWU  4  14  8  720  31  5  15  -  -  - 
7318 TANA TORAJA  2  20  2  99  11  -  -  -  -  - 
7326 TORAJA UTARA  2  3  6  180  2  -  -  -  -  - Kode 
Wilayah 
ProvinsiNama Provinsi Kode 
Wilayah 
Kabupaten 
/ KotaNama 
Kabupaten/KotaJumlah 
KejadianKorban Kerusakan
Meninggal 
& HilangLuka / 
Sakit Mengungsi & 
Terdampak Rumah 
Rusak 
BeratRumah 
Rusak 
SedangRumah 
Rusak 
RinganFasilitas 
PendidikanFasilitas 
PeribadatanFasilitas 
Kesehatan
(jiwa) (unit)
(1) (2) (3) (4) (5) (6) (7) (8) (9) (10) (11) (12) (13) (14)
Data Bencana Indonesia 2024
147Tabel L9. Kejadian Bencana Tanah Longsor Tahun 2024 Berdasarkan Kabupaten/Kota (Lanjutan)."
40,"148
Data Bencana Indonesia 202475 GORONTALO 7501 GORONTALO  1  1  -  -  -  -  -  -  -  - 
7503 BONE BOLANGO  1  42  8  325  -  -  -  -  -  - 
76 SULAWESI 
BARAT7603 MAMASA  2  -  1  2.079  58  39  176  -  -  - 
7604 POLEWALI MANDAR 1  -  -  4.850  -  -  -  -  -  - 
81 MALUKU 8171 KOTA AMBON  3  -  -  368  -  -  7  -  -  - 
82 MALUKU UTARA8203 HALMAHERA UTARA 1  1  -  -  -  -  -  -  -  - 
8204 HALMAHERA SELATAN 1  -  -  -  -  -  10  -  -  - 
8271 KOTA TERNATE  1  -  -  -  -  2  22  -  -  - 
8272 KOTA TIDORE KEPULAUAN 1  -  -  190  -  -  -  -  -  - 
92 PAPUA BARAT 9212 PEGUNUNGAN ARFAK 1  4  1  1.080  8  -  -  -  -  - 
95 PAPUA PEGUNUNGAN9502 KAB PEGUNUNGAN BINTANG 2  -  -  1.724  13  -  44  21  1  5 
9503 YAHUKIMO  1  -  -  2.956  1.133  -  -  -  -  - Kode 
Wilayah 
ProvinsiNama Provinsi Kode 
Wilayah 
Kabupaten 
/ KotaNama 
Kabupaten/KotaJumlah 
KejadianKorban Kerusakan
Meninggal 
& HilangLuka / 
Sakit Mengungsi & 
Terdampak Rumah 
Rusak 
BeratRumah 
Rusak 
SedangRumah 
Rusak 
RinganFasilitas 
PendidikanFasilitas 
PeribadatanFasilitas 
Kesehatan
(jiwa) (unit)
(1) (2) (3) (4) (5) (6) (7) (8) (9) (10) (11) (12) (13) (14)Tabel L9. Kejadian Bencana Tanah Longsor Tahun 2024 Berdasarkan Kabupaten/Kota. (Lanjutan)LAMPIRAN DATA BENCANA INDONESIA TAHUN 2024"
41,"Data Bencana Indonesia 2024149
Gambar 16.2 Beberapa petugas 
sedang memasang jaring penahan	di	tebing	agar	tidak	longsor jika terjadi hujan."
42,"150
Data Bencana Indonesia 2024Tabel L10. Kejadian Bencana Gempa Bumi Tahun 2024 Berdasarkan Provinsi.
Tabel L11. Kejadian Bencana Gempa Bumi Tahun 2024 Berdasarkan Kabupaten/Kota.Kode Wilayah 
ProvinsiNama Provinsi Jumlah Kejadian Korban Kerusakan
Meninggal 
& HilangLuka / 
Sakit Mengungsi 
& Terdampak Rumah 
Rusak 
BeratRumah 
Rusak 
SedangRumah 
Rusak 
RinganFasilitas 
PendidikanFasilitas 
PeribadatanFasilitas 
Kesehatan
(jiwa) (unit)
(1) (2) (3) (4) (5) (6) (7) (8) (9) (10) (11) (12)
17 BENGKULU  1  -  -  575  8  19  88  -  3  - 
32 JAWA BARAT  5  1  157  66.619  937  2.042  4.950  78  51  9 
33 JAWA TENGAH  3  -  14  1.281  13  30  235  15  5  1 
34 DAERAH 
ISTIMEWA YOGYAKARTA 1  -  -  215  1  76  1  -  - 
35 JAWA TIMUR  2  -  8  46.614  943  1.618  3.947  104  199  5 
36 BANTEN  1  -  -  40  2  2  2  -  - 
51 BALI  1  -  -  -  11  14  4  6  - 
52 NUSA TENGGARA BARAT 1  -  -  32  8  -  -  - 
72 SULAWESI TENGAH 2  -  2  100  1  6  14  1  2  2 
82 MALUKU UTARA  1  -  -  1.044  2  64  -  1  - 
Kode 
Wilayah 
ProvinsiNama Provinsi Kode 
Wilayah 
Kabupaten 
/ KotaNama Kabupaten 
/ KotaJumlah 
KejadianKorban Kerusakan
Meninggal 
& HilangLuka / 
Sakit Mengungsi 
& Terdampak Rumah 
Rusak 
BeratRumah 
Rusak 
SedangRumah 
Rusak 
RinganFasilitas 
PendidikanFasilitas 
PeribadatanFasilitas 
Kesehatan
(jiwa) (unit)
(1) (2) (3) (4) (5) (6) (7) (8) (9) (10) (11) (12) (13) (14)
17 BENGKULU 1701 BENGKULU SELATAN 1  -  -  575  8  19  88  -  3  - 
32 JAWA BARAT 3201 BOGOR  3  -  -  198  -  15  42  -  -  - 
3202 SUKABUMI  2  -  -  58  2  13  13  1  1  - 
3203 CIANJUR  1  -  -  10  -  -  4  1  1  - 
3204 BANDUNG  2  1  141  57.019  894  1.728  3.635  -  2  2 
3205 GARUT  3  -  11  8.381  25  239  1.023  70  43  4 
3206 TASIKMALAYA  1  -  1  59  -  8  16  -  1  1 
3207 CIAMIS  1  -  4  499  1  17  129  1  -  - 
3208 KUNINGAN  1  -  -  113  -  1  34  3  1  - 
3210 MAJALENGKA  1  -  -  37  -  1  14  -  -  - 
3211 SUMEDANG  1  -  -  6  2  -  1  -  -  1 
3213 SUBANG  1  -  -  14  -  1  -  -  -  - 
3214 PURWAKARTA  2  -  -  17  1  3  1  -  -  - 
3217 BANDUNG BARAT  2  -  -  80  8  9  5  -  -  - 
3218 PANGANDARAN  1  -  -  5  1  -  4  -  1  1 
3272 KOTA SUKABUMI  1  -  -  -  -  1  1  -  -  - LAMPIRAN DATA BENCANA INDONESIA TAHUN 2024"
43,"Data Bencana Indonesia 2024151Kode 
Wilayah 
ProvinsiNama Provinsi Kode 
Wilayah 
Kabupaten 
/ KotaNama Kabupaten 
/ KotaJumlah 
KejadianKorban Kerusakan
Meninggal 
& HilangLuka / 
Sakit Mengungsi 
& Terdampak Rumah 
Rusak 
BeratRumah 
Rusak 
SedangRumah 
Rusak 
RinganFasilitas 
PendidikanFasilitas 
PeribadatanFasilitas 
Kesehatan
(jiwa) (unit)
(1) (2) (3) (4) (5) (6) (7) (8) (9) (10) (11) (12) (13) (14)Tabel L11. Kejadian Bencana Gempa Bumi Tahun 2024 Berdasarkan Kabupaten/Kota.
3273 KOTA BANDUNG  1  -  -  -  -  -  -  -  -  - 
3277 KOTA CIMAHI  2  -  -  13  -  2  2  1  -  - 
3278 KOTA 
TASIKMALAYA 1  -  -  100  2  2  22  -  1  - 
3279 KOTA BANJAR  1  -  -  10  1  2  4  1  -  - 
33 JAWA TENGAH 3309 BOYOLALI  1  -  -  10  -  -  2  -  -  - 
3313 KARANGANYAR  1  -  -  5  -  -  1  -  -  - 
3317 REMBANG  1  -  -  69  -  -  -  -  -  1 
3325 BATANG  1  -  14  1.190  13  30  230  15  5  - 
3375 KOTA PEKALONGAN 1  -  -  7  -  -  2  -  -  - 
34 DAERAH ISTIMEWA YOGYAKARTA3401 KULON PROGO  1  -  -  15  -  -  3  -  -  - 
3402 BANTUL  1  -  -  1  -  17  1  -  - 
3403 GUNUNGKIDUL  1  -  -  200  -  -  56  -  -  - 
3404 SLEMAN  1  -  -  -  -  -  -  -  -  - 
35 JAWA TIMUR 3508 LUMAJANG  1  -  -  30  -  -  6  -  -  - 
3515 SIDOARJO  1  -  -  -  -  -  2  -  -  - 
3522 BOJONEGORO  1  -  -  -  -  -  -  -  -  - 
3523 TUBAN  1  -  -  55  1  2  9  3  -  - 
3524 LAMONGAN  1  -  -  -  -  1  6  -  1  1 
3525 GRESIK  1  -  7  46.514  942  1.615  3.921  101  198  2 
3528 PAMEKASAN  1  -  -  5  -  -  1  -  -  - 
3578 KOTA SURABAYA  1  -  1  10  -  -  2  -  -  2 
36 BANTEN 3602 LEBAK  1  -  -  40  -  2  2  2  -  - 
51 BALI 5103 BADUNG  1  -  -  -  11  13  -  -  4  - 
5104 GIANYAR  1  -  -  -  -  -  -  4  2  - 
5105 KLUNGKUNG  1  -  -  -  -  1  -  -  -  - 
52 NUSA TENGGARA BARAT5204 SUMBAWA  1  -  -  32  -  -  8  -  -  - 
72 SULAWESI TENGAH7205 BUOL  1  -  -  85  -  3  14  -  1  2 
7206 MOROWALI  1  -  2  15  1  3  -  1  1  - 
82 MALUKU UTARA 8207 PULAU MOROTAI  1  -  -  1.044  2  64  -  -  1  - "
44,"152
Data Bencana Indonesia 2024Tabel L12. Kejadian Bencana Kekeringan Tahun 2024 Berdasarkan Provinsi.
Tabel L13. Kejadian Bencana Kekeringan Tahun 2024 Berdasarkan Kabupaten/Kota.Kode Wilayah Nama Provinsi Jumlah Kejadian Korban
 Mengungsi & 
Terdampak 
(1) (2) (3) (4)
11 ACEH 1 19407
12 SUMATERA UTARA 2 2455
13 SUMATERA BARAT 1 1292
18 LAMPUNG 1 378
32 JAWA BARAT 25 167546
33 JAWA TENGAH 22 640840
34 DAERAH ISTIMEWA 
YOGYAKARTA3 55487
35 JAWA TIMUR 11 41070
36 BANTEN 2 3660
52 NUSA TENGGARA BARAT9 518602
53 NUSA TENGGARA TIMUR1 575
73 SULAWESI SELATAN 10 27280
75 GORONTALO 1 1739
Kode Wilayah 
Provinsi Nama Provinsi Kode Wilayah Kabupaten 
/ KotaNama Kabupaten 
/ KotaJumlah Kejadian Korban
 Mengungsi & 
Terdampak 
(1) (2) (3) (4) (5) (6)
11 ACEH 1106 ACEH BESAR 1  19.407 
12 SUMATERA UTARA 1278 KOTA GUNUNGSITOLI2  2.455 
13 SUMATERA BARAT 1371 KOTA PADANG 1  1.292 
18 LAMPUNG 1871 KOTA BANDAR LAMPUNG1  378 
32 JAWA BARAT 3201 BOGOR 5  65.743 
3202 SUKABUMI 1  536 
3203 CIANJUR 1  11.741 
3204 BANDUNG 1  775 
3205 GARUT 1  400 
3208 KUNINGAN 1  890 
3209 CIREBON 2  22.164 
3210 MAJALENGKA 1  970 
3212 INDRAMAYU 1  979 
3213 SUBANG 1  2.400 
3214 PURWAKARTA 1  828 
3215 KARAWANG 2  1.597 LAMPIRAN DATA BENCANA INDONESIA TAHUN 2024"
45,"Data Bencana Indonesia 20241533216 BEKASI 2  48.591 
3217 BANDUNG BARAT 1  1.605 
3218 PANGANDARAN 1  914 
3271 KOTA BOGOR 1  500 
3274 KOTA CIREBON 1  4.452 
3279 KOTA BANJAR 1  2.461 
33 JAWA TENGAH 3301 CILACAP 2  89.495 
3302 BANYUMAS 2  227.212 
3305 KEBUMEN 2  19.431 
3306 PURWOREJO 2  3.580 
3309 BOYOLALI 1  10.791 
3310 KLATEN 2  98.976 
3314 SRAGEN 2  32.637 
3315 GROBOGAN 1  4.553 
3318 PATI 2  120.643 
3320 JEPARA 1  8.210 
3321 DEMAK 1  1.714 
3322 SEMARANG 1  1.026 
3323 TEMANGGUNG 1  3.052 
3328 TEGAL 1  12.390 
3376 KOTA TEGAL 1  7.130 
34 DAERAH ISTIMEWA 
YOGYAKARTA3401 KULON PROGO 2  1.618 
3403 GUNUNGKIDUL 1  53.869 
35 JAWA TIMUR 3503 TRENGGALEK 3  14.509 
3505 BLITAR 1  10.806 
3509 JEMBER 1  4.900 
3516 MOJOKERTO 1  7.589 
3518 NGANJUK 1  514 
3520 MAGETAN 2  912 
3521 NGAWI 1  192 
3522 BOJONEGORO 1  1.648 
36 BANTEN 3673 KOTA SERANG 1  1.860 
3674 KOTA TANGERANG SELATAN1  1.800 
52 NUSA TENGGARA BARAT5201 LOMBOK BARAT 1  16.012 
5202 LOMBOK TENGAH 1  274.622 
5203 LOMBOK TIMUR 1  84.914 
5204 SUMBAWA 1  58.034 
5205 DOMPU 1  11.290 Kode Wilayah 
Provinsi Nama Provinsi Kode Wilayah Kabupaten 
/ KotaNama Kabupaten 
/ KotaJumlah Kejadian Korban
 Mengungsi & 
Terdampak 
(1) (2) (3) (4) (5) (6)Tabel L13. Kejadian Bencana Kekeringan Tahun 2024 Berdasarkan Kabupaten/Kota."
46,"154
Data Bencana Indonesia 2024Tabel L13. Kejadian Bencana Kekeringan Tahun 2024 Berdasarkan Kabupaten/Kota. (Lanjutan)
5206 BIMA 1  23.716 
5207 SUMBAWA BARAT 1  17.098 
5208 LOMBOK UTARA 1  17.053 
5272 KOTA BIMA 1  15.863 
53 NUSA TENGGARA 
TIMUR5314 ROTE NDAO 1  575 
73 SULAWESI SELATAN 7301 KEPULAUAN SELAYAR2  1.966 
7304 JENEPONTO 5  5.565 
7305 TAKALAR 2  445 
7309 MAROS 1  19.304 
75 GORONTALO 7501 GORONTALO 1  1.739 Kode Wilayah 
Provinsi Nama Provinsi Kode Wilayah Kabupaten 
/ KotaNama Kabupaten 
/ KotaJumlah Kejadian Korban
 Mengungsi & 
Terdampak 
(1) (2) (3) (4) (5) (6)LAMPIRAN DATA BENCANA INDONESIA TAHUN 2024"
47,"Data Bencana Indonesia 2024155
Gambar 16.3 Seorang nenek 
sedang menyirami tanaman yang di lahan yang tandus di musim kemarau."
48,"156
Data Bencana Indonesia 2024Tabel L14. Kejadian Bencana Kebakaran Hutan dan Lahan Tahun 2024 Berdasarkan Provinsi.
Kode Wilayah Nama Provinsi Jumlah Kejadian Korban Lahan Terbakar (Ha)
 Mengungsi & 
Terdampak a
(1) (2) (3) (4) (5)
11 ACEH 35 0 221,795
12 SUMATERA UTARA 170 4 1371,18
13 SUMATERA BARAT 7 0 13
14 RIAU 10 0 1309,75
15 JAMBI 79 0 174,11
16 SUMATERA SELATAN 192 0 1516,87
17 BENGKULU 1 0 18
18 LAMPUNG 7 0 747
19 KEPULAUAN BANGKA 
BELITUNG19 251 64,61
21 KEPULAUAN RIAU 58 0 950,69
32 JAWA BARAT 16 0 60,29
33 JAWA TENGAH 38 472 216,2
34 DAERAH ISTIMEWA YOGYAKARTA15 0 22,5
35 JAWA TIMUR 145 0  138 
36 BANTEN 4 0  19 
51 BALI 11 0  292 
52 NUSA TENGGARA BARAT 3 0
53 NUSA TENGGARA TIMUR 14 111  83 
61 KALIMANTAN BARAT 10 0  174 
62 KALIMANTAN TENGAH 17 0  665 
63 KALIMANTAN SELATAN 6 0  24 
64 KALIMANTAN TIMUR 107 0  1.562 
65 KALIMANTAN UTARA 3 0  132 
72 SULAWESI TENGAH 2 0  2 
73 SULAWESI SELATAN 3 0  40 
81 MALUKU 1 0  2 LAMPIRAN DATA BENCANA INDONESIA TAHUN 2024"
49,"Data Bencana Indonesia 2024157Tabel L15. Kejadian Bencana Kebakaran Hutan dan Lahan Tahun 2024 Berdasarkan Kabupaten/Kota.
Kode 
Wilayah 
Provinsi Nama Provinsi Kode 
Wilayah 
Kabupaten 
/ KotaNama Kabupaten 
/ KotaJumlah 
KejadianKorban Jumlah Kejadian
 Mengungsi & 
Terdampak 
(1) (2) (3) (4) (5) (6) (7)
11 ACEH 1101 ACEH SELATAN 4 - 31,7
1102 ACEH TENGGARA 3 - 14
1105 ACEH BARAT 3 - 69,595
1106 ACEH BESAR 10 - 33,2
1113 GAYO LUES 1 - 8
1114 ACEH JAYA 4 - 10,1
1115 NAGAN RAYA 2 - 13,2
1117 BENER MERIAH 8 - 42
12 SUMATERA 
UTARA1201 TAPANULI TENGAH 2 - 4,5
1203 TAPANULI SELATAN 4 - 15,5
1205 LANGKAT 16 - 78,5
1206 KARO 25 - 245,58
1207 DELI SERDANG 3 - 8
1208 SIMALUNGUN 4 4 84
1209 ASAHAN 6 - 78
1210 LABUHANBATU 20 - 197,5
1211 DAIRI 5 - 65
1212 TOBA 8 - 35,6
1213 MANDAILING NATAL 2 - 2
1215 PAKPAK BHARAT 1 - 1
1217 SAMOSIR 11 - 327
1218 SERDANG BEDAGAI 1 - 20
1220 PADANG LAWAS UTARA17 - 55
1221 PADANG LAWAS 10 - 25,5
1222 LABUHANBATU SELATAN10 - 24
1223 LABUHANBATU UTARA19 - 87,5
1272 KOTA PEMATANGSIANTAR1 - 2
1275 KOTA BINJAI 1 - 4
1277 KOTA PADANG SIDEMPUAN4 - 11
13 SUMATERA BARAT1303 SIJUNJUNG 3 - 6
1304 TANAH DATAR 1 - 3
1306 AGAM 1 - 1
1307 LIMA PULUH KOTA 2 - 3
14 RIAU 1401 KAMPAR 2 - 58,9
1402 INDRAGIRI HULU 1 - 479,15
1403 BENGKALIS 1 - 56,83"
50,"158
Data Bencana Indonesia 20241404 INDRAGIRI HILIR 1 - 200,8
1405 PELALAWAN 1 - 107,73
1410 KEPULAUAN 
MERANTI1 - 145,04
1472 KOTA DUMAI 3 - 261,3
15 JAMBI 1502 MERANGIN 8 - 20,51
1503 SAROLANGUN 1 - 89,6
1504 BATANGHARI 19 -
1505 MUARO JAMBI 18 - 10
1506 TANJUNG JABUNG BARAT3 -
1507 TANJUNG JABUNG TIMUR5 - 54
1508 BUNGO 24 -
1572 KOTA SUNGAI PENUH 1 -
16 SUMATERA SELATAN1602 OGAN KOMERING ILIR5 - 53,5
1603 MUARA ENIM 33 - 411
1604 LAHAT 5 - 6
1605 MUSI RAWAS 4 - 12,5
1606 MUSI BANYUASIN 16 - 254,6
1607 BANYUASIN 31 - 264,3
1608 OGAN KOMERING ULU TIMUR1 - 3
1610 OGAN ILIR 57 - 350,16
1611 EMPAT LAWANG 1 - 1
1612 PENUKAL ABAB LEMATANG ILIR31 - 116
1613 MUSI RAWAS UTARA 4 - 24,51
1672 KOTA PAGAR ALAM 1 - 1,5
1674 KOTA PRABUMULIH 3 - 18,8
17 BENGKULU 1706 MUKO MUKO 1 - 18
18 LAMPUNG 1805 TULANG BAWANG 1 - 20
1807 LAMPUNG TIMUR 2 - 503
1811 MESUJI 4 - 224
19 KEPULAUAN BANGKA BELITUNG1902 BELITUNG 1 - 2
1906 BELITUNG TIMUR 18 251 62,61
21 KEPULAUAN RIAU2101 BINTAN 32 - 173,65
2102 KARIMUN 12 - 60,2
2103 NATUNA 9 - 711,34Tabel L15. Kejadian Bencana Kebakaran Hutan dan Lahan Tahun 2024 Berdasarkan Kabupaten/Kota (Lanjutan).
Kode 
Wilayah 
Provinsi Nama Provinsi Kode 
Wilayah 
Kabupaten 
/ KotaNama Kabupaten 
/ KotaJumlah 
KejadianKorban Jumlah Kejadian
 Mengungsi & 
Terdampak 
(1) (2) (3) (4) (5) (6) (7)LAMPIRAN DATA BENCANA INDONESIA TAHUN 2024"
51,"Data Bencana Indonesia 2024159Tabel L15. Kejadian Bencana Kebakaran Hutan dan Lahan Tahun 2024 Berdasarkan Kabupaten/Kota (Lanjutan).
2104 LINGGA 2 - 2
2105 KEPULAUAN 
ANAMBAS2 - 2,5
2172 KOTA TANJUNG PINANG1 - 1
32 JAWA BARAT 3204 BANDUNG 4 - 8,7
3205 GARUT 1 - 2
3208 KUNINGAN 1 - 2
3209 CIREBON 3 - 9
3210 MAJALENGKA 2 - 14,09
3213 SUBANG 4 - 23
3274 KOTA CIREBON 1 - 1,5
33 JAWA TENGAH 3301 CILACAP 3 - 8
3302 BANYUMAS 4 - 32
3305 KEBUMEN 2 - 30
3306 PURWOREJO 1 - 6
3307 WONOSOBO 1 - 1,3
3310 KLATEN 8 - 19,4
3311 SUKOHARJO 3 - 32
3313 KARANGANYAR 1 - 2,5
3314 SRAGEN 3 - 5,5
3317 REMBANG 1 - 3,5
3318 PATI 1 - 5
3319 KUDUS 1 - 10
3321 DEMAK 1 - 3,5
3322 SEMARANG 4 - 52,5
3324 KENDAL 2 - 3
3376 KOTA TEGAL 2 472 2
34 DAERAH ISTIMEWA YOGYAKARTA3401 KULON PROGO 14 - 21,5
3404 SLEMAN 1 - 1
35 JAWA TIMUR 3501 PACITAN 2 - 7
3502 PONOROGO 19 - 6
3503 TRENGGALEK 14 - 12
3504 TULUNGAGUNG 1 -
3505 BLITAR 4 - 4
3506 KEDIRI 1 -
3507 MALANG 6 - 2
3508 LUMAJANG 1 -
3509 JEMBER 3 -Kode 
Wilayah 
Provinsi Nama Provinsi Kode 
Wilayah 
Kabupaten 
/ KotaNama Kabupaten 
/ KotaJumlah 
KejadianKorban Jumlah Kejadian
 Mengungsi & 
Terdampak 
(1) (2) (3) (4) (5) (6) (7)"
52,"160
Data Bencana Indonesia 20243510 BANYUWANGI 9 - 10
3511 BONDOWOSO 15 - 2
3512 SITUBONDO 12 - 8
3513 PROBOLINGGO 10 -
3514 PASURUAN 12 - 37,8
3515 SIDOARJO 1 - 2
3516 MOJOKERTO 9 - 4,6
3517 JOMBANG 7 - 16
3518 NGANJUK 1 - 2
3519 MADIUN 2 - 9
3520 MAGETAN 5 -
3521 NGAWI 1 -
3522 BOJONEGORO 2 - 4
3528 PAMEKASAN 1 - 1
3529 SUMENEP 1 - 3
3571 KOTA KEDIRI 2 -
3577 KOTA MADIUN 1 - 1
3578 KOTA SURABAYA 2 - 7
3579 KOTA BATU 1 -
36 BANTEN 3601 PANDEGLANG 2 - 16
3604 SERANG 1 - 1
3672 KOTA CILEGON 1 - 2
51 BALI 5106 BANGLI 1 - 2
5107 KARANGASEM 9 - 287
5108 BULELENG 1 - 3
52 NUSA 
TENGGARA BARAT5206 BIMA 2 -
5208 LOMBOK UTARA 1 -
53 NUSA TENGGARA TIMUR5312 SUMBA BARAT 2 111 2
5313 LEMBATA 7 - 11
5314 ROTE NDAO 2 - 5
5315 MANGGARAI BARAT 2 - 58,5
5371 KOTA KUPANG 1 - 6,96
61 KALIMANTAN BARAT6101 SAMBAS 2 - 30
6104 KETAPANG 1 - 2,5
6110 MELAWI 3 - 24
6111 KAYONG UTARA 1 - 37,24
6112 KUBU RAYA 3 - 80Kode 
Wilayah 
Provinsi Nama Provinsi Kode 
Wilayah 
Kabupaten 
/ KotaNama Kabupaten 
/ KotaJumlah 
KejadianKorban Jumlah Kejadian
 Mengungsi & 
Terdampak 
(1) (2) (3) (4) (5) (6) (7)LAMPIRAN DATA BENCANA INDONESIA TAHUN 2024
Tabel L15. Kejadian Bencana Kebakaran Hutan dan Lahan Tahun 2024 Berdasarkan Kabupaten/Kota (Lanjutan)."
53,"Data Bencana Indonesia 202416162 KALIMANTAN 
TENGAH6201 KOTAWARINGIN BARAT1 - 14,58
6202 KOTAWARINGIN TIMUR1 - 20,29
6204 BARITO SELATAN 1 - 84,06
6205 BARITO UTARA 2 - 50,01
6206 KATINGAN 1 - 22,67
6207 SERUYAN 1 - 7,28
6208 SUKAMARA 3 - 348,68
6209 LAMANDAU 1 - 2,57
6210 GUNUNG MAS 2 - 40,12
6211 PULANG PISAU 1 - 25,06
6212 MURUNG RAYA 1 - 7,82
6271 KOTA PALANGKARAYA2 - 41,89
63 KALIMANTAN SELATAN6301 TANAH LAUT 1 - 3,3097
6303 BANJAR 3 - 4,622
6304 BARITO KUALA 1 - 5,5
6372 KOTA BANJARBARU 1 - 10,086
64 KALIMANTAN TIMUR6401 PASER 3 - 5
6402 KUTAI KARTANEGARA30 - 1314
6403 BERAU 1 - 2
6407 KUTAI BARAT 14 - 38,254
6408 KUTAI TIMUR 13 - 32,5
6409 PENAJAM PASER UTARA4 - 6,798
6471 KOTA BALIKPAPAN 5 - 8,14
6472 KOTA SAMARINDA 24 - 59
6474 KOTA BONTANG 13 - 96,69
65 KALIMANTAN UTARA6501 BULUNGAN 3 - 131,5
72 SULAWESI TENGAH7207 BANGGAI KEPULAUAN1 -
7212 MOROWALI UTARA 1 - 2
73 SULAWESI SELATAN7315 PINRANG 3 - 40
81 MALUKU 8171 KOTA AMBON 1 - 2Kode 
Wilayah 
Provinsi Nama Provinsi Kode 
Wilayah 
Kabupaten 
/ KotaNama Kabupaten 
/ KotaJumlah 
KejadianKorban Jumlah Kejadian
 Mengungsi & 
Terdampak 
(1) (2) (3) (4) (5) (6) (7)Tabel L15. Kejadian Bencana Kebakaran Hutan dan Lahan Tahun 2024 Berdasarkan Kabupaten/Kota (Lanjutan)."
54,"162
Data Bencana Indonesia 2024Tabel L16. Kejadian Bencana Gelombang Pasang  dan Abrasi Tahun 2024 Berdasarkan Provinsi
Kode 
Wilayah 
ProvinsiNama Provinsi Jumlah 
KejadianKorban Kerusakan
Meninggal 
& HilangLuka / 
Sakit Mengungsi & 
Terdampak Rumah 
Rusak 
BeratRumah 
Rusak 
SedangRumah 
Rusak 
RinganRumah 
TerendamFasilitas 
PendidikanFasilitas 
PeribadatanFasilitas 
Kesehatan
(jiwa) (unit)
(1) (2) (3) (4) (5) (6) (7) (8) (9) (10) (11) (12) (13)
13 SUMATERA BARAT  3  -  -  571  3  3  17  59  -  -  - 
14 RIAU  2  -  -  145  11  1  4  6  -  -  - 
32 JAWA BARAT  1  3  -  71  -  -  - 
52 NUSA TENGGARA 
BARAT 2  -  -  556  4  35  -  -  - 
53 NUSA TENGGARA TIMUR 4  1  -  398  7  34  27  -  -  - 
64 KALIMANTAN TIMUR 1  -  1  48  5  -  7  -  -  -  - 
71 SULAWESI UTARA  1  -  -  28  3  3  -  -  - 
73 SULAWESI SELATAN  2  -  -  335  -  -  - 
81 MALUKU  3  4  -  150  9  50  -  -  - 
82 MALUKU UTARA  3  -  -  184  35  -  -  - 
91 P A P U A  2  -  -  402  43  36  -  1  - 
92 PAPUA BARAT  2  -  -  669  49  -  -  - 
93 PAPUA SELATAN  1  -  -  795  7  204  1  1  - LAMPIRAN DATA BENCANA INDONESIA TAHUN 2024"
55,"Data Bencana Indonesia 2024163Tabel L17. Kejadian Bencana Gelombang Pasang  dan Abrasi Tahun 2024 Berdasarkan Kabupaten/Kota
Kode 
Wilayah 
ProvinsiNama 
ProvinsiKode 
Wilayah 
Kabupaten 
/ KotaNama 
Kabupaten/
KotaJumlah 
KejadianKorban Kerusakan
Meninggal 
& HilangLuka / 
SakitMengungsi 
& 
Terdampak Rumah 
Rusak 
BeratRumah 
Rusak 
SedangRumah 
Rusak 
RinganRumah 
TerendamFasilitas 
PendidikanFasilitas 
PeribadatanFasilitas 
Kesehatan
(jiwa) (unit)
(1) (2) (4) (5) (6) (7) (8) (9) (10) (11) (12) (13) (14) (15) (16)
13 SUMATERA 
BARAT1305 PADANG PARIAMAN 1  -  -  565  -  -  1  59  -  -  - 
1309 KEPULAUAN MENTAWAI 1  -  6  -  -  16  -  -  - 
1312 PASAMAN BARAT 1  -  -  3  3  -  -  -  - 
14 RIAU 1404 INDRAGIRI HILIR 2  -  -  145  11  1  4  6  -  -  - 
32 JAWA BARAT 3202 SUKABUMI  1  3  -  71  -  -  -  -  -  - 
52 NUSA TENGGARA BARAT5206 BIMA  1  -  -  416  -  -  -  -  -  - 
5271 KOTA MATARAM 1  -  -  140  4  -  -  35  -  -  - 
53 NUSA TENGGARA TIMUR5307 SIKKA  1  1  -  -  -  -  -  -  -  - 
5308 ENDE  2  -  -  318  -  7  34  7  -  -  - 
5313 LEMBATA  1  -  -  80  -  -  -  20  -  -  - 
64 KALIMANTAN TIMUR6403 BERAU  1  -  1  48  5  -  7  -  -  -  - 
71 SULAWESI UTARA7102 MINAHASA  1  -  -  28  3  -  3  -  -  - 
73 SULAWESI SELATAN7302 BULUKUMBA  1  -  -  285  -  -  -  -  -  - 
7305 TAKALAR  1  -  -  50  -  -  -  -  -  - 
81 MALUKU 8101 MALUKU TENGAH 1  -  -  150  -  -  -  50  -  -  - 
8108 MALUKU BARAT DAYA 1  4  -  -  -  -  -  -  -  - 
8172 KOTA TUAL  1  -  -  -  9  -  -  -  -  - 
82 MALUKU UTARA8206 HALMAHERA TIMUR 2  -  -  125  -  -  -  25  -  -  - 
8207 PULAU MOROTAI 1  -  -  59  -  -  -  10  -  -  - 
91 P A P U A 9110 SARMI  1  -  -  232  -  -  23  16  -  1  - 
9115 WAROPEN  1  -  -  170  -  -  20  20  -  -  - 
92 PAPUA BARAT 9202 MANOKWARI  2  -  -  669  -  -  -  49  -  -  - 
93 PAPUA SELATAN9301 MERAUKE 1 0 0 795 7 0 0 204 1 1 0"
56,"Tabel L18. Kejadian Bencana Gunungapi Tahun 2024 Berdasarkan Provinsi
164
Data Bencana Indonesia 2024Tabel L16. Kejadian Bencana Gunungapi Tahun 2023 Berdasarkan Kabupaten/Kota.Kode 
Wilayah 
ProvinsiNama 
ProvinsiJumlah 
KejadianKorban Kerusakan
Meninggal 
& HilangLuka / 
Sakit Mengungsi 
& Terdampak Rumah 
Rusak 
BeratRumah 
Rusak 
SedangRumah 
Rusak 
RinganRumah 
TerendamFasilitas 
PendidikanFasilitas 
PeribadatanFasilitas 
Kesehatan
(jiwa) (unit)
(1) (2) (3) (4) (5) (6) (7) (8) (9) (10) (11) (12) (13)
13 SUMATERA 
BARAT  3  42  2  6.406  176  12  48  235  -  1  - 
53 NUSA TENGGARA TIMUR  3  13  63  51.910  2.384  -  -  -  25  4  27 
71 SULAWESI UTARA  1  -  -  24.314  -  -  363  -  -  -  - 
82  MALUKU UTARA  1  -  -  8.527  -  -  -  -  -  -  - 
Tabel L19. Kejadian Bencana Gunungapi Tahun 2024 Berdasarkan Kabupaten/Kota
Kode 
Wilayah 
ProvinsiNama 
ProvinsiKode 
Wilayah 
Kabupaten 
/ KotaNama 
Kabupaten/
KotaJumlah 
KejadianKorban Kerusakan
Meninggal 
& HilangLuka / 
Sakit Mengungsi 
& Terdampak Rumah 
Rusak 
BeratRumah 
Rusak 
SedangRumah 
Rusak 
RinganRumah 
TerendamFasilitas 
PendidikanFasilitas 
PeribadatanFasilitas 
Kesehatan
(jiwa) (unit)
(1) (2) (3) (4) (5) (6) (7) (8) (9) (10) (11) (12) (13) (14)
13 SUMATERA 
BARAT1304 TANAH DATAR  2  42  2  6.114  173  12  3  166  -  1  - 
1306 AGAM  1  -  -  292  3  -  45  69  -  -  - 
53 NUSA TENGGARA TIMUR5306 FLORES TIMUR  3  13  63  51.910  2.384  -  -  -  25  4  27 
71 SULAWESI UTARA7109 KEP . SIAU TAGULANDANG BIARO 1  -  -  24.314  -  -  363  -  -  -  - 
82 MALUKU UTARA8201 HALMAHERA BARAT 1  -  -  7.790  -  -  -  -  -  -  - 
8203 HALMAHERA UTARA 1  -  -  737  -  -  -  -  -  -  - LAMPIRAN DATA BENCANA INDONESIA TAHUN 2024"
