0,1,2,3,4,5,6,7,8,9,10,11,page,table_number,12,13,14
Jenis Bencana,"Jumlah
Kejadian",Korban,,,Kerusakan,,,,,,,2,1,,,
,,"Meninggal
& Hilang","Luka-
Luka","Mengungsi &
Terdampak",Rumah,,,,"Fasillitas
Pendidikan","Fasilitas
Peribadatan","Fasilitas
Kesehatan",2,1,,,
,,,,,"Rusak
Berat","Rusak
Sedang","Rusak
Ringan",Terendam,,,,2,1,,,
,,Jiwa,,,Unit,,,,,,,2,1,,,
(1),(2),(3),(4),(5),(6),(7),(8),(9),(10),(11),(12),2,1,,,
BANJIR,1.420,235,10.920,6.301.056,4.066,6.351,22.247,1.237.372,59,54,23,2,1,,,
"KEBAKARAN HUTAN DAN
LAHAN",973,1,4,838,16,1,-,-,-,-,-,2,1,,,
CUACA EKSTREM,733,68,237,82.486,2.002,3.821,16.540,-,297,75,10,2,1,,,
TANAH LONGSOR,207,235,123,59.531,2.502,1.304,3.279,-,25,12,5,2,1,,,
KEKERINGAN,89,-,-,1.480.331,-,-,-,-,-,-,-,2,1,,,
"GELOMBANG PASANG &
ABRASI",27,8,1,4.352,42,11,108,501,1,2,-,2,1,,,
GEMPA BUMI,15,1,181,116.520,1.916,3.795,9.320,-,205,267,17,2,1,,,
ERUPSI GUNUNG API,8,55,65,91.157,2.560,12,411,235,25,5,27,2,1,,,
JUMLAH,3.472,603,11.531,8.136.271,13.104,15.295,51.905,1.238.108,612,415,82,2,1,,,
"Kode
Wilayah
Provinsi",Nama Provinsi,"Jumlah
Kejadian",Korban,,,Kerusakan,,,,,,2,2,,,
,,,"Meninggal
& Hilang","Luka-
Luka","Mengungsi
&
Terdampak",Rumah,,,,"Fasillitas
Pendidikan","Fasilitas
Peribadatan",2,2,"Fasilitas
Kesehatan",,
,,,,,,"Rusak
Berat","Rusak
Sedang","Rusak
Ringan",Terendam,,,2,2,,,
,,,Jiwa,,,Unit,,,,,,2,2,,,
(1),(2),(3),(4),(5),(6),(7),(8),(9),(10),(11),(12),2,2,(13),,
11,ACEH,99,9,2,250.991,105,64,174,29.834,3,-,2,2,-,,
12,SUMATERA UTARA,350,51,167,362.186,315,236,787,69.117,21,10,2,2,-,,
13,SUMATERA BARAT,98,140,88,312.002,1.572,5.121,6.317,68.844,21,15,2,2,5,,
14,RIAU,68,-,-,249.662,45,14,152,58.064,2,3,2,2,16,,
15,JAMBI,132,4,5,316.097,74,58,429,86.147,4,5,2,2,-,,
16,SUMATERA SELATAN,271,15,17,608.823,561,226,635,103.894,1,1,2,2,-,,
17,BENGKULU,18,2,1,20.551,88,46,383,3.886,-,3,2,2,-,,
18,LAMPUNG,60,5,9,57.341,73,192,348,10.668,1,1,2,2,1,,
19,"KEPULAUAN
BANGKA BELITUNG",24,-,2,3.161,-,-,39,563,-,-,2,2,-,,
21,KEPULAUAN RIAU,79,5,5,6.098,49,114,696,204,-,-,2,2,-,,
31,DKI JAKARTA,19,3,2,9.968,-,20,16,2.729,-,-,2,2,-,,
32,JAWA BARAT,461,60,10.645,771.772,2.932,5.056,22.290,115.820,91,70,2,2,10,,
33,JAWA TENGAH,231,38,46,1.660.159,313,674,4.560,231.645,229,25,2,2,2,,
34,"DAERAH ISTIMEWA
YOGYAKARTA",62,3,8,57.202,19,96,1.690,-,21,16,2,2,2,,
35,JAWA TIMUR,434,30,56,425.931,1.095,2.006,8.047,54.686,134,220,2,2,8,,
36,BANTEN,97,9,6,143.048,110,122,677,13.899,2,1,2,2,-,,
51,BALI,35,14,18,7,73,85,153,-,5,9,2,2,-,,
"Kode
Wilayah
Provinsi",Nama Provinsi,"Jumlah
Kejadian",Korban,,,Kerusakan,,,,,,3,1,,,
,,,"Meninggal
& Hilang","Luka-
Luka","Mengungsi
&
Terdampak",Rumah,,,,"Fasillitas
Pendidikan","Fasilitas
Peribadatan",3,1,"Fasilitas
Kesehatan",,
,,,,,,"Rusak
Berat","Rusak
Sedang","Rusak
Ringan",Terendam,,,3,1,,,
,,,Jiwa,,,Unit,,,,,,3,1,,,
(1),(2),(3),(4),(5),(6),(7),(8),(9),(10),(11),(12),3,1,(13),,
52,"NUSA TENGGARA
BARAT",77,2,10,609.963,137,170,446,7.243,4,1,3,1,1,,
53,"NUSA TENGGARA
TIMUR",53,31,69,77.901,2.489,84,267,5.235,29,9,3,1,29,,
61,KALIMANTAN BARAT,69,4,2,452.721,25,7,21,96.097,4,-,3,1,-,,
62,"KALIMANTAN
TENGAH",56,5,2,332.197,-,-,-,70.652,-,-,3,1,-,,
63,"KALIMANTAN
SELATAN",26,-,-,50.246,9,8,28,14.665,1,1,3,1,-,,
64,KALIMANTAN TIMUR,144,1,1,52.364,128,5,100,12.120,-,2,3,1,-,,
65,KALIMANTAN UTARA,10,3,-,25.924,787,-,5,5.551,-,-,3,1,-,,
71,SULAWESI UTARA,23,1,3,74.095,95,156,633,13.433,1,-,3,1,-,,
72,SULAWESI TENGAH,94,6,4,68.284,155,254,315,12.120,3,4,3,1,3,,
73,SULAWESI SELATAN,165,59,89,795.780,396,242,721,93.166,7,2,3,1,-,,
74,"SULAWESI
TENGGARA",20,2,3,36.084,20,17,51,7.217,-,-,3,1,-,,
75,GORONTALO,35,45,235,160.810,49,-,77,28.436,-,1,3,1,-,,
76,SULAWESI BARAT,22,1,3,23.386,64,50,211,2.749,1,-,3,1,-,,
81,MALUKU,36,7,3,23.886,77,85,194,3.885,1,2,3,1,-,,
82,MALUKU UTARA,55,23,25,46.588,66,81,169,5.016,-,2,3,1,-,,
91,P A P U A,19,2,-,7.739,1,-,316,1.589,4,7,3,1,-,,
92,PAPUA BARAT,18,4,1,14.503,8,-,59,1.740,-,3,3,1,-,,
93,PAPUA SELATAN,3,-,-,3.805,7,6,836,258,1,1,3,1,-,,
94,PAPUA TENGAH,5,19,4,5.357,-,-,-,495,-,-,3,1,-,,
95,"PAPUA
PEGUNUNGAN",3,-,-,4.680,1.146,-,44,-,21,1,3,1,5,,
96,PAPUA BARAT DAYA,4,-,-,14.959,21,-,19,6.441,-,-,3,1,-,,
"Kode
Wilayah
Provinsi",Nama Provinsi,"Kode
Wilayah
Kabupaten
/ Kota","Nama Kabupaten/
Kota","Jumlah
Kejadian",Korban,,,Kerusakan,,,,4,1,,,
,,,,,"Meninggal
& Hilang","Luka-
Luka","Mengungsi
&
Terdampak",Rumah,,,,4,1,"Fasillitas
Pendidikan","Fasilitas
Peribadatan","Fasilitas
Kesehatan"
,,,,,,,,"Rusak
Berat","Rusak
Sedang","Rusak
Ringan",Terendam,4,1,,,
,,,,,Jiwa,,,Unit,,,,4,1,,,
(1),(2),(3),(4),(5),(6),(7),(8),(9),(10),(11),(12),4,1,(13),(14),(15)
11,ACEH,1101,ACEH SELATAN,9,-,-,25.292,,,,4.339,4,1,-,-,-
,,1102,ACEH TENGGARA,10,1,-,9.821,25,16,24,1.313,4,1,-,-,-
,,1103,ACEH TIMUR,3,-,-,2.338,12,19,43,252,4,1,-,-,-
,,1104,ACEH TENGAH,4,4,-,473,9,10,6,88,4,1,-,-,-
,,1105,ACEH BARAT,7,3,-,8.828,1,,,2.890,4,1,-,-,-
,,1106,ACEH BESAR,12,-,-,19.424,2,1,1,,4,1,1,-,-
,,1107,PIDIE,3,-,-,86.870,,,1,6.189,4,1,1,-,-
,,1108,ACEH UTARA,3,-,-,5.130,14,,53,1.363,4,1,-,-,-
,,1109,SIMEULUE,1,-,-,320,,,,64,4,1,-,-,-
,,1110,ACEH SINGKIL,5,-,-,35.140,2,4,12,1.915,4,1,-,-,-
,,1111,BIREUEN,5,-,-,16.372,6,5,3,3.729,4,1,-,-,-
,,1112,ACEH BARAT DAYA,2,-,1,124,3,,14,,4,1,-,-,-
,,1113,GAYO LUES,3,-,-,180,24,,8,,4,1,-,-,-
,,1114,ACEH JAYA,11,-,-,8.860,5,3,9,2.365,4,1,-,-,-
,,1115,NAGAN RAYA,4,-,-,9.116,,,,2.776,4,1,-,-,-
,,1116,ACEH TAMIANG,1,-,-,6.415,1,,,,4,1,-,-,-
,,1117,BENER MERIAH,8,-,-,-,,,,,4,1,-,-,-
,,1118,PIDIE JAYA,2,-,-,380,,6,,70,4,1,-,-,-
,,1171,KOTA BANDA ACEH,1,1,1,4,1,,,,4,1,1,-,-
,,1175,"KOTA
SUBULUSSALAM",5,-,-,15.904,,,,2.481,4,1,-,-,-
12,"SUMATERA
UTARA",1201,TAPANULI TENGAH,4,-,-,1.450,1,,13,50,4,1,-,-,-
,,1202,TAPANULI UTARA,7,5,24,668,27,,10,190,4,1,-,1,-
,,1203,TAPANULI SELATAN,13,3,87,6.070,106,,305,645,4,1,1,-,-
,,1205,LANGKAT,24,1,11,28.318,,,,8.815,4,1,-,-,-
,,1206,KARO,33,13,-,655,17,,,4,4,1,-,1,-
,,1207,DELI SERDANG,34,18,37,67.246,76,128,137,2.949,4,1,4,5,-
,,1208,SIMALUNGUN,15,2,1,1.373,13,11,138,163,4,1,-,-,-
,,1209,ASAHAN,14,-,-,33.946,,,,6.779,4,1,-,-,-
,,1210,LABUHANBATU,22,2,-,158,,,,30,4,1,-,-,-
,,1211,DAIRI,13,-,-,2.304,16,4,39,5,4,1,-,-,-
,,1212,TOBA,9,-,,20,,,6,,4,1,-,-,-
,,1213,MANDAILING NATAL,10,-,1,960,11,12,,229,4,1,-,-,-
,,1215,PAKPAK BHARAT,2,-,,1.095,,,,,4,1,-,-,-
,,1216,"HUMBANG
HASUNDUTAN",2,-,,5,,,1,,4,1,5,-,-
,,1217,SAMOSIR,15,2,5,8,1,,6,,4,1,-,1,-
,,1218,SERDANG BEDAGAI,9,-,-,15.742,8,,12,3.649,4,1,-,-,-
,,1219,BATU BARA,3,-,,60,8,,2,405,4,1,3,-,-
,,1220,"PADANG LAWAS
UTARA",19,-,-,480,,,,110,4,1,-,-,-
,,1221,PADANG LAWAS,19,4,1,7.984,6,13,75,2.077,4,1,8,2,-
,,1222,"LABUHANBATU
SELATAN",13,-,-,7.471,,,,1.486,4,1,-,-,-
"Kode
Wilayah
Provinsi",Nama Provinsi,"Kode
Wilayah
Kabupaten
/ Kota","Nama Kabupaten/
Kota","Jumlah
Kejadian",Korban,,,Kerusakan,,,,5,1,,,
,,,,,"Meninggal
& Hilang","Luka-
Luka","Mengungsi
&
Terdampak",Rumah,,,,5,1,"Fasillitas
Pendidikan","Fasilitas
Peribadatan","Fasilitas
Kesehatan"
,,,,,,,,"Rusak
Berat","Rusak
Sedang","Rusak
Ringan",Terendam,5,1,,,
,,,,,Jiwa,,,Unit,,,,5,1,,,
(1),(2),(3),(4),(5),(6),(7),(8),(9),(10),(11),(12),5,1,(13),(14),(15)
,,1223,"LABUHANBATU
UTARA",24,-,-,23.277,9,27,23,2.570,5,1,-,-,-
,,1224,NIAS UTARA,2,-,-,3.200,,,,600,5,1,-,-,-
,,1225,NIAS BARAT,2,-,,8.545,,,,2.107,5,1,-,-,-
,,1271,KOTA MEDAN,13,-,-,42.634,,33,15,11.366,5,1,-,-,-
,,1272,"KOTA
PEMATANGSIANTAR",4,-,,180,16,3,4,30,5,1,-,-,-
,,1273,KOTA SIBOLGA,1,-,-,1.565,,,,313,5,1,-,-,-
,,1274,"KOTA TANJUNG
BALAI",4,-,-,62.322,,,,14.029,5,1,-,-,-
,,1275,KOTA BINJAI,6,-,-,28.593,,5,1,6.882,5,1,-,-,-
,,1276,KOTA TEBING TINGGI,2,-,,11.037,,,,3.044,5,1,-,-,-
,,1277,"KOTA PADANG
SIDEMPUAN",8,1,-,1.850,,,,467,5,1,-,-,-
,,1278,"KOTA
GUNUNGSITOLI",4,-,-,2.970,,,,123,5,1,-,-,-
13,"SUMATERA
BARAT",1301,PESISIR SELATAN,15,30,-,175.984,1.183,4.325,4.673,36.721,5,1,-,-,-
,,1302,SOLOK,5,13,12,696,,,16,35,5,1,-,-,-
,,1303,SIJUNJUNG,8,-,-,4.579,6,,64,1.050,5,1,-,1,-
,,1304,TANAH DATAR,6,43,2,6.434,173,41,3,230,5,1,-,1,-
,,1305,PADANG PARIAMAN,8,13,36,36.578,24,58,12,10.684,5,1,-,-,-
,,1306,AGAM,10,28,23,5.878,66,42,302,343,5,1,5,7,-
,,1307,LIMA PULUH KOTA,8,5,-,6.055,15,,825,1.197,5,1,-,3,1
,,1308,PASAMAN,2,-,-,2.205,,,,441,5,1,1,1,-
,,1309,"KEPULAUAN
MENTAWAI",3,-,-,4.131,,,34,833,5,1,-,-,-
,,1310,DHARMASRAYA,9,3,1,8.366,,606,211,2.904,5,1,11,-,-
,,1311,SOLOK SELATAN,7,-,-,1.918,20,25,37,389,5,1,-,-,-
,,1312,PASAMAN BARAT,6,1,-,2.895,14,3,,1.357,5,1,-,-,-
,,1371,KOTA PADANG,3,2,12,47.831,54,,82,10.960,5,1,2,-,4
,,1372,KOTA SOLOK,1,-,-,3.028,,,,692,5,1,-,-,-
,,1373,KOTA SAWAHLUNTO,1,-,-,828,,,,240,5,1,2,1,-
,,1374,"KOTA PADANG
PANJANG",1,2,1,471,3,,,6,5,1,-,1,-
,,1375,KOTA BUKITTINGGI,2,-,-,1.075,,,,215,5,1,-,-,-
,,1376,KOTA PAYAKUMBUH,2,-,1,315,14,21,58,,5,1,-,-,-
,,1377,KOTA PARIAMAN,1,-,-,2.735,,,,547,5,1,-,-,-
14,RIAU,1401,KAMPAR,12,-,-,10.602,6,4,50,2.916,5,1,2,3,-
,,1402,INDRAGIRI HULU,8,-,-,87.703,,,,20.761,5,1,-,-,16
,,1403,BENGKALIS,2,-,-,4.449,,,,961,5,1,-,-,-
,,1404,INDRAGIRI HILIR,8,-,-,10.936,39,10,102,2.873,5,1,-,-,-
,,1405,PELALAWAN,2,-,-,25.663,,,,7.036,5,1,-,-,-
,,1406,ROKAN HULU,6,-,-,11.104,,,,1.387,5,1,-,-,-
,,1407,ROKAN HILIR,5,-,-,70.624,,,,16.550,5,1,-,-,-
"Kode
Wilayah
Provinsi",Nama Provinsi,"Kode
Wilayah
Kabupaten
/ Kota","Nama Kabupaten/
Kota","Jumlah
Kejadian",Korban,,,Kerusakan,,,,6,1,,,
,,,,,"Meninggal
& Hilang","Luka-
Luka","Mengungsi
&
Terdampak",Rumah,,,,6,1,"Fasillitas
Pendidikan","Fasilitas
Peribadatan","Fasilitas
Kesehatan"
,,,,,,,,"Rusak
Berat","Rusak
Sedang","Rusak
Ringan",Terendam,6,1,,,
,,,,,Jiwa,,,Unit,,,,6,1,,,
(1),(2),(3),(4),(5),(6),(7),(8),(9),(10),(11),(12),6,1,(13),(14),(15)
,,1408,SIAK,1,-,-,692,,,,173,6,1,-,-,-
,,1409,KUANTAN SINGINGI,11,-,-,21.126,,,,3.639,6,1,-,-,-
,,1410,"KEPULAUAN
MERANTI",1,-,-,-,,,,,6,1,-,-,-
,,1471,KOTA PEKANBARU,8,-,-,6.565,,,,1.726,6,1,-,-,-
,,1472,KOTA DUMAI,4,-,-,198,,,,42,6,1,-,-,-
15,JAMBI,1501,KERINCI,10,4,-,25.121,27,23,215,8.350,6,1,-,-,-
,,1502,MERANGIN,14,-,-,4.352,13,,146,1.431,6,1,-,1,-
,,1503,SAROLANGUN,7,-,-,26.195,,,4,10.355,6,1,-,-,-
,,1504,BATANGHARI,26,-,5,42.295,18,20,44,16.130,6,1,3,-,-
,,1505,MUARO JAMBI,21,-,-,205,1,8,,2.575,6,1,-,-,-
,,1506,"TANJUNG JABUNG
BARAT",6,-,-,765,2,,6,220,6,1,-,-,-
,,1507,"TANJUNG JABUNG
TIMUR",8,-,-,7.251,5,3,2,,6,1,-,-,-
,,1508,BUNGO,29,-,-,108.688,1,,2,14.868,6,1,-,-,-
,,1509,TEBO,2,-,-,77.843,,,,25.157,6,1,-,-,-
,,1571,KOTA JAMBI,1,-,-,94,,,,86,6,1,-,-,-
,,1572,"KOTA SUNGAI
PENUH",8,-,-,23.288,7,4,10,6.975,6,1,1,4,-
16,"SUMATERA
SELATAN",1601,"OGAN KOMERING
ULU",9,7,14,188.598,49,39,98,34.469,6,1,-,-,-
,,1602,"OGAN KOMERING
ILIR",6,-,-,85,17,,,,6,1,-,-,-
,,1603,MUARA ENIM,45,-,3,16.814,9,,64,7.810,6,1,-,-,-
,,1604,LAHAT,7,-,-,3.310,,,,567,6,1,-,-,-
,,1605,MUSI RAWAS,7,-,-,19.730,,,,3.940,6,1,-,-,-
,,1606,MUSI BANYUASIN,26,-,-,97.876,6,,1,16.424,6,1,-,-,-
,,1607,BANYUASIN,38,-,-,1.332,6,21,,251,6,1,-,-,-
,,1608,"OGAN KOMERING
ULU TIMUR",2,-,-,6.810,,,,1.362,6,1,-,-,-
,,1609,"OGAN KOMERING
ULU SELATAN",4,2,-,4.461,4,6,8,1.390,6,1,1,1,-
,,1610,OGAN ILIR,70,-,-,6.554,,,,1.345,6,1,-,-,-
,,1611,EMPAT LAWANG,2,-,-,170,,,,34,6,1,-,-,-
,,1612,"PENUKAL ABAB
LEMATANG ILIR",32,-,-,200,,,,40,6,1,-,-,-
,,1613,MUSI RAWAS UTARA,9,6,-,234.850,464,110,335,32.148,6,1,-,-,-
,,1672,KOTA PAGAR ALAM,3,-,-,810,,,,162,6,1,-,-,-
,,1673,"KOTA LUBUK
LINGGAU",4,-,-,2.384,2,,3,519,6,1,-,-,-
,,1674,KOTA PRABUMULIH,7,-,-,24.839,4,50,126,3.433,6,1,-,-,-
17,BENGKULU,1701,BENGKULU SELATAN,2,-,-,575,8,19,113,,6,1,-,3,-
,,1703,BENGKULU UTARA,3,1,-,-,,27,,,6,1,-,-,-
,,1704,KAUR,1,1,-,-,,,,,6,1,-,-,-
,,1705,SELUMA,1,-,-,620,,,,124,6,1,-,-,-
"Kode
Wilayah
Provinsi",Nama Provinsi,"Kode
Wilayah
Kabupaten
/ Kota","Nama Kabupaten/
Kota","Jumlah
Kejadian",Korban,,,Kerusakan,,,,7,1,,,
,,,,,"Meninggal
& Hilang","Luka-
Luka","Mengungsi
&
Terdampak",Rumah,,,,7,1,"Fasillitas
Pendidikan","Fasilitas
Peribadatan","Fasilitas
Kesehatan"
,,,,,,,,"Rusak
Berat","Rusak
Sedang","Rusak
Ringan",Terendam,7,1,,,
,,,,,Jiwa,,,Unit,,,,7,1,,,
(1),(2),(3),(4),(5),(6),(7),(8),(9),(10),(11),(12),7,1,(13),(14),(15)
,,1706,MUKO MUKO,2,-,-,80,1,,,,7,1,-,-,-
,,1707,LEBONG,1,-,1,14.850,79,,265,2.970,7,1,-,-,-
,,1708,KEPAHIANG,3,-,-,1.517,,,,326,7,1,-,-,-
,,1771,KOTA BENGKULU,5,-,-,2.909,,,5,466,7,1,-,-,-
18,LAMPUNG,1801,LAMPUNG SELATAN,7,-,8,2.800,18,87,130,327,7,1,-,1,1
,,1803,LAMPUNG UTARA,1,-,-,135,,,,27,7,1,-,-,-
,,1804,LAMPUNG BARAT,1,-,-,105,,,,21,7,1,-,-,-
,,1805,TULANG BAWANG,11,-,-,34.484,1,41,60,6.942,7,1,-,-,-
,,1806,TANGGAMUS,3,5,-,5.110,,8,,497,7,1,-,-,-
,,1807,LAMPUNG TIMUR,10,-,-,1.817,19,50,36,254,7,1,1,-,-
,,1808,WAY KANAN,3,-,-,1.300,28,,74,138,7,1,-,-,-
,,1809,PESAWARAN,9,-,1,3.813,7,6,48,1.027,7,1,-,-,-
,,1810,PRINGSEWU,1,-,-,625,,,,125,7,1,-,-,-
,,1811,MESUJI,7,-,-,732,,,,163,7,1,-,-,-
,,1813,PESISIR BARAT,1,-,-,150,,,,30,7,1,-,-,-
,,1871,"KOTA BANDAR
LAMPUNG",6,-,-,6.270,,,,1.117,7,1,-,-,-
19,"KEPULAUAN
BANGKA
BELITUNG",1902,BELITUNG,1,-,-,-,,,,,7,1,-,-,-
,,1903,BANGKA SELATAN,1,-,-,57,,,,,7,1,-,-,-
,,1904,BANGKA TENGAH,1,-,2,70,,,,,7,1,-,-,-
,,1905,BANGKA BARAT,1,-,-,375,,,,105,7,1,-,-,-
,,1906,BELITUNG TIMUR,18,-,-,251,,,,,7,1,-,-,-
,,1971,"KOTA PANGKAL
PINANG",2,-,-,2.408,,,39,458,7,1,-,-,-
21,"KEPULAUAN
RIAU",2101,BINTAN,37,1,2,2.120,6,14,451,172,7,1,-,-,-
,,2102,KARIMUN,16,-,-,763,,24,224,25,7,1,-,-,-
,,2103,NATUNA,14,-,-,2.567,9,9,6,7,7,1,-,-,-
,,2104,LINGGA,2,-,-,-,,,,,7,1,-,-,-
,,2105,"KEPULAUAN
ANAMBAS",2,-,-,-,,,,,7,1,-,-,-
,,2171,KOTA BATAM,4,2,3,393,34,47,15,,7,1,-,-,-
,,2172,"KOTA TANJUNG
PINANG",4,2,-,255,,20,,,7,1,-,-,-
31,DKI JAKARTA,3172,"KOTA ADM.
JAKARTA UTARA",3,-,-,120,,,,,7,1,-,-,-
,,3173,"KOTA ADM.
JAKARTA BARAT",6,-,-,4.376,,,,1.319,7,1,-,-,-
,,3174,"KOTA ADM.
JAKARTA SELATAN",11,3,1,4.486,,5,9,1.264,7,1,-,-,-
,,3175,"KOTA ADM.
JAKARTA TIMUR",7,-,1,986,,15,7,146,7,1,-,-,-
32,JAWA BARAT,3201,BOGOR,128,3,20,84.865,134,564,1.428,2.312,7,1,2,2,-
,,3202,SUKABUMI,37,19,10.354,28.736,377,458,933,1.464,7,1,1,2,-
"Kode
Wilayah
Provinsi",Nama Provinsi,"Kode
Wilayah
Kabupaten
/ Kota","Nama Kabupaten/
Kota","Jumlah
Kejadian",Korban,,,Kerusakan,,,,8,1,,,
,,,,,"Meninggal
& Hilang","Luka-
Luka","Mengungsi
&
Terdampak",Rumah,,,,8,1,"Fasillitas
Pendidikan","Fasilitas
Peribadatan","Fasilitas
Kesehatan"
,,,,,,,,"Rusak
Berat","Rusak
Sedang","Rusak
Ringan",Terendam,8,1,,,
,,,,,Jiwa,,,Unit,,,,8,1,,,
(1),(2),(3),(4),(5),(6),(7),(8),(9),(10),(11),(12),8,1,(13),(14),(15)
,,3203,CIANJUR,18,6,6,39.132,841,905,2.347,1.474,8,1,3,3,-
,,3204,BANDUNG,33,7,169,122.241,1.115,1.987,4.006,12.358,8,1,3,4,3
,,3205,GARUT,11,3,11,9.073,27,247,1.062,46,8,1,70,44,4
,,3206,TASIKMALAYA,9,-,1,4.692,11,27,107,653,8,1,-,1,1
,,3207,CIAMIS,20,-,4,3.651,8,53,487,515,8,1,1,-,-
,,3208,KUNINGAN,7,-,-,4.079,4,6,53,838,8,1,3,2,-
,,3209,CIREBON,20,2,-,231.586,10,,33,54.314,8,1,-,-,-
,,3210,MAJALENGKA,8,2,1,8.224,1,8,56,2.131,8,1,-,-,-
,,3211,SUMEDANG,11,1,25,7.075,3,213,467,845,8,1,-,-,1
,,3212,INDRAMAYU,9,-,3,34.017,20,76,301,6.493,8,1,1,1,-
,,3213,SUBANG,14,2,11,11.961,12,1,12,3.039,8,1,-,-,-
,,3214,PURWAKARTA,15,-,1,3.894,46,41,537,184,8,1,-,1,-
,,3215,KARAWANG,35,-,-,42.004,75,165,516,12.765,8,1,-,-,-
,,3216,BEKASI,16,-,-,96.415,7,6,99,11.870,8,1,-,-,-
,,3217,BANDUNG BARAT,32,13,38,8.724,202,178,539,45,8,1,4,7,-
,,3218,PANGANDARAN,6,-,-,1.789,2,10,13,263,8,1,-,1,1
,,3271,KOTA BOGOR,16,2,1,1.980,12,40,66,271,8,1,-,-,-
,,3272,KOTA SUKABUMI,9,-,-,3.183,9,29,177,1.024,8,1,1,1,-
,,3273,KOTA BANDUNG,5,-,-,2.099,2,5,4,515,8,1,-,-,-
,,3274,KOTA CIREBON,5,-,-,6.132,,,,197,8,1,-,-,-
,,3275,KOTA BEKASI,4,-,-,11.789,,,8.973,2.013,8,1,-,-,-
,,3276,KOTA DEPOK,5,-,,1.284,,2,22,144,8,1,-,-,-
,,3277,KOTA CIMAHI,5,-,-,291,4,14,11,47,8,1,1,-,-
,,3278,KOTA TASIKMALAYA,5,-,-,385,9,19,37,,8,1,-,1,-
,,3279,KOTA BANJAR,2,-,-,2.471,1,2,4,,8,1,1,-,-
33,JAWA TENGAH,3301,CILACAP,21,1,-,127.439,23,23,195,11.974,8,1,-,-,-
,,3302,BANYUMAS,16,-,1,229.333,11,9,246,77,8,1,-,4,-
,,3303,PURBALINGGA,2,-,-,225,2,,21,22,8,1,-,-,-
,,3304,BANJARNEGARA,3,-,1,429,31,10,67,,8,1,-,-,-
,,3305,KEBUMEN,12,2,5,25.989,3,2,31,1.664,8,1,1,5,-
,,3306,PURWOREJO,5,4,-,3.985,1,,,,8,1,-,-,-
,,3307,WONOSOBO,6,3,-,729,6,5,24,56,8,1,-,-,-
,,3308,MAGELANG,2,-,4,135,,1,6,,8,1,-,-,-
,,3309,BOYOLALI,4,-,1,10.852,5,32,21,,8,1,-,-,-
,,3310,KLATEN,17,-,8,100.482,3,50,328,,8,1,3,6,-
,,3311,SUKOHARJO,5,-,-,540,,5,137,,8,1,-,-,-
,,3312,WONOGIRI,2,-,-,285,,,,24,8,1,-,-,-
,,3313,KARANGANYAR,8,-,-,703,,17,20,30,8,1,-,-,-
,,3314,SRAGEN,14,5,-,46.012,1,,41,3.324,8,1,-,-,-
,,3315,GROBOGAN,12,4,1,174.878,65,362,182,32.585,8,1,-,-,-
,,3316,BLORA,5,-,-,625,1,7,12,79,8,1,-,-,-
,,3317,REMBANG,3,-,1,129,,,12,,8,1,-,-,1
,,3318,PATI,10,-,-,143.952,7,2,74,6.757,8,1,3,-,-
,,3319,KUDUS,4,8,-,47.563,,,10,10.888,8,1,-,-,-
"Kode
Wilayah
Provinsi",Nama Provinsi,"Kode
Wilayah
Kabupaten
/ Kota","Nama Kabupaten/
Kota","Jumlah
Kejadian",Korban,,,Kerusakan,,,,9,1,,,
,,,,,"Meninggal
& Hilang","Luka-
Luka","Mengungsi
&
Terdampak",Rumah,,,,9,1,"Fasillitas
Pendidikan","Fasilitas
Peribadatan","Fasilitas
Kesehatan"
,,,,,,,,"Rusak
Berat","Rusak
Sedang","Rusak
Ringan",Terendam,9,1,,,
,,,,,Jiwa,,,Unit,,,,9,1,,,
(1),(2),(3),(4),(5),(6),(7),(8),(9),(10),(11),(12),9,1,(13),(14),(15)
,,3320,JEPARA,8,-,-,45.415,,14,208,4.094,9,1,-,-,-
,,3321,DEMAK,8,3,1,273.681,25,,56,66.105,9,1,1,-,-
,,3322,SEMARANG,7,-,2,1.321,,2,4,72,9,1,-,-,-
,,3323,TEMANGGUNG,6,2,1,3.418,2,11,42,36,9,1,-,-,-
,,3324,KENDAL,7,1,-,24.665,,1,15,10.855,9,1,-,1,-
,,3325,BATANG,1,-,14,1.190,13,30,230,,9,1,15,5,-
,,3326,PEKALONGAN,4,2,-,4.933,3,13,109,772,9,1,2,2,-
,,3327,PEMALANG,2,-,-,12.233,10,3,,1.272,9,1,-,-,-
,,3328,TEGAL,9,-,-,24.562,,14,128,2.224,9,1,203,1,1
,,3329,BREBES,9,-,-,104.462,85,49,76,23.304,9,1,-,1,-
,,3372,KOTA SURAKARTA,6,3,6,1.701,16,9,41,268,9,1,-,-,-
,,3374,KOTA SEMARANG,3,-,-,190.608,,,,48.349,9,1,-,-,-
,,3375,KOTA PEKALONGAN,5,-,-,33.802,,,2.217,2.667,9,1,-,-,-
,,3376,KOTA TEGAL,7,-,-,23.883,,3,7,4.147,9,1,1,-,-
34,"DAERAH
ISTIMEWA
YOGYAKARTA",3401,KULON PROGO,26,-,-,1.647,1,8,154,,9,1,5,1,1
,,3402,BANTUL,9,1,2,430,2,6,115,,9,1,4,3,-
,,3403,GUNUNGKIDUL,15,1,3,54.069,7,23,930,,9,1,4,4,-
,,3404,SLEMAN,15,1,3,1.056,9,59,491,,9,1,8,8,1
35,JAWA TIMUR,3501,PACITAN,5,2,1,32,,,19,,9,1,-,-,-
,,3502,PONOROGO,22,2,-,1.285,,,4,257,9,1,-,1,-
,,3503,TRENGGALEK,22,1,1,14.815,1,,54,15,9,1,-,-,-
,,3504,TULUNGAGUNG,9,-,-,1.045,1,,300,,9,1,-,1,-
,,3505,BLITAR,16,4,1,12.586,13,5,198,69,9,1,1,1,-
,,3506,KEDIRI,6,-,-,610,1,1,135,52,9,1,1,-,-
,,3507,MALANG,18,2,-,1.140,3,13,128,282,9,1,1,1,-
,,3508,LUMAJANG,11,7,-,6.640,10,12,118,1.431,9,1,-,-,-
,,3509,JEMBER,24,2,8,26.661,6,8,109,3.203,9,1,2,1,-
,,3510,BANYUWANGI,12,-,-,1.460,5,5,93,,9,1,-,-,-
,,3511,BONDOWOSO,26,-,19,2.235,18,104,310,91,9,1,8,4,-
,,3512,SITUBONDO,17,1,-,1.352,2,,3,339,9,1,1,1,-
,,3513,PROBOLINGGO,15,-,-,5.309,,,11,1.091,9,1,-,-,-
,,3514,PASURUAN,31,2,-,109.041,,,121,16.874,9,1,-,1,-
,,3515,SIDOARJO,18,1,2,35.862,,,469,2.651,9,1,1,-,-
,,3516,MOJOKERTO,24,-,1,21.974,20,49,28,2.732,9,1,1,-,1
,,3517,JOMBANG,20,-,2,9.828,1,10,110,899,9,1,1,-,-
,,3518,NGANJUK,7,-,-,1.689,,2,9,34,9,1,-,-,-
,,3519,MADIUN,11,-,2,4.275,4,2,111,390,9,1,-,3,-
,,3520,MAGETAN,14,1,1,1.799,,95,48,23,9,1,1,-,-
,,3521,NGAWI,5,1,1,3.172,,,5,745,9,1,-,-,-
,,3522,BOJONEGORO,15,1,-,28.183,9,1,179,1.504,9,1,-,-,1
,,3523,TUBAN,7,-,-,12.130,1,5,39,2.416,9,1,4,-,-
,,3524,LAMONGAN,14,-,2,4.025,11,13,106,2.271,9,1,3,2,1
"Kode
Wilayah
Provinsi",Nama Provinsi,"Kode
Wilayah
Kabupaten
/ Kota","Nama Kabupaten/
Kota","Jumlah
Kejadian",Korban,,,Kerusakan,,,,10,1,,,
,,,,,"Meninggal
& Hilang","Luka-
Luka","Mengungsi
&
Terdampak",Rumah,,,,10,1,"Fasillitas
Pendidikan","Fasilitas
Peribadatan","Fasilitas
Kesehatan"
,,,,,,,,"Rusak
Berat","Rusak
Sedang","Rusak
Ringan",Terendam,10,1,,,
,,,,,Jiwa,,,Unit,,,,10,1,,,
(1),(2),(3),(4),(5),(6),(7),(8),(9),(10),(11),(12),10,1,(13),(14),(15)
,,3525,GRESIK,14,1,8,52.235,943,1.622,4.126,4.212,10,1,101,199,2
,,3526,BANGKALAN,2,-,-,8.200,,3,56,4.233,10,1,2,3,-
,,3527,SAMPANG,5,-,-,22.450,11,11,71,4.174,10,1,-,-,-
,,3528,PAMEKASAN,19,1,5,10.151,13,41,770,2.634,10,1,6,2,1
,,3529,SUMENEP,5,-,-,75,,,85,,10,1,-,-,-
,,3571,KOTA KEDIRI,3,-,-,192,20,3,25,,10,1,-,-,-
,,3572,KOTA BLITAR,1,-,-,-,,,5,,10,1,-,-,-
,,3573,KOTA MALANG,2,-,-,1.100,,,,241,10,1,-,-,-
,,3575,KOTA PASURUAN,8,1,-,15.189,2,,38,1.179,10,1,-,-,-
,,3576,KOTA MOJOKERTO,1,-,-,2.156,,,,529,10,1,-,-,-
,,3577,KOTA MADIUN,4,-,1,6.490,,1,7,115,10,1,-,-,-
,,3578,KOTA SURABAYA,5,-,1,495,,,157,,10,1,-,-,2
,,3579,KOTA BATU,2,-,-,50,,,,,10,1,-,-,-
36,BANTEN,3601,PANDEGLANG,18,2,4,64.030,28,43,134,5.253,10,1,-,-,-
,,3602,LEBAK,12,7,2,14.648,67,16,238,2.638,10,1,2,-,-
,,3603,TANGERANG,1,-,-,6.665,,,,,10,1,-,-,-
,,3604,SERANG,18,-,-,9.831,6,37,65,2.394,10,1,-,1,-
,,3671,KOTA TANGERANG,3,-,-,4.140,,,,1.132,10,1,-,-,-
,,3672,KOTA CILEGON,7,-,-,4.122,,,,995,10,1,-,-,-
,,3673,KOTA SERANG,18,-,-,6.172,9,16,240,339,10,1,-,-,-
,,3674,"KOTA TANGERANG
SELATAN",20,-,-,33.440,,10,,1.148,10,1,-,-,-
51,BALI,5101,JEMBRANA,4,2,11,-,5,28,78,,10,1,-,-,-
,,5102,TABANAN,2,3,-,-,,,,,10,1,-,-,-
,,5103,BADUNG,5,1,-,-,43,31,49,,10,1,-,5,-
,,5104,GIANYAR,3,4,1,-,,2,,,10,1,4,2,-
,,5105,KLUNGKUNG,3,-,-,7,19,1,,,10,1,-,-,-
,,5106,BANGLI,3,2,3,-,,,,,10,1,-,-,-
,,5107,KARANGASEM,12,1,3,-,2,5,21,,10,1,-,-,-
,,5108,BULELENG,5,1,-,-,4,18,5,,10,1,1,2,-
52,"NUSA
TENGGARA
BARAT",5201,LOMBOK BARAT,9,-,-,18.062,52,112,211,175,10,1,-,-,-
,,5202,LOMBOK TENGAH,11,1,1,278.666,31,43,106,644,10,1,-,-,-
,,5203,LOMBOK TIMUR,3,1,-,85.523,,3,,,10,1,-,-,-
,,5204,SUMBAWA,11,-,-,70.683,22,5,67,1.229,10,1,1,-,-
,,5205,DOMPU,6,-,9,35.352,2,5,2,20,10,1,-,-,-
,,5206,BIMA,24,-,-,46.284,26,1,51,5.140,10,1,2,1,1
,,5207,SUMBAWA BARAT,2,-,-,17.138,,1,9,,10,1,-,-,-
,,5208,LOMBOK UTARA,3,-,-,17.105,,,,,10,1,-,-,-
,,5271,KOTA MATARAM,2,-,-,256,4,,,35,10,1,-,-,-
,,5272,KOTA BIMA,6,-,-,40.894,,,,,10,1,1,-,-
53,"NUSA
TENGGARA
TIMUR",5301,KUPANG,5,1,-,480,4,7,15,91,10,1,1,-,-
"Kode
Wilayah
Provinsi",Nama Provinsi,"Kode
Wilayah
Kabupaten
/ Kota","Nama Kabupaten/
Kota","Jumlah
Kejadian",Korban,,,Kerusakan,,,,11,1,,,
,,,,,"Meninggal
& Hilang","Luka-
Luka","Mengungsi
&
Terdampak",Rumah,,,,11,1,"Fasillitas
Pendidikan","Fasilitas
Peribadatan","Fasilitas
Kesehatan"
,,,,,,,,"Rusak
Berat","Rusak
Sedang","Rusak
Ringan",Terendam,11,1,,,
,,,,,Jiwa,,,Unit,,,,11,1,,,
(1),(2),(3),(4),(5),(6),(7),(8),(9),(10),(11),(12),11,1,(13),(14),(15)
,,5302,"TIMOR TENGAH
SELATAN",1,-,-,239,,,,58,11,1,-,-,-
,,5303,"TIMOR TENGAH
UTARA",1,-,-,550,22,27,70,,11,1,2,3,-
,,5304,BELU,2,1,-,64,6,,11,,11,1,-,1,-
,,5305,ALOR,2,1,5,163,25,,16,,11,1,-,-,-
,,5306,FLORES TIMUR,4,13,64,51.976,2.406,,,,11,1,25,4,28
,,5307,SIKKA,2,1,-,842,,,20,480,11,1,-,-,-
,,5308,ENDE,6,9,-,364,1,15,37,7,11,1,-,-,-
,,5309,NGADA,1,-,-,105,6,20,,,11,1,-,-,1
,,5310,MANGGARAI,1,-,-,228,,,61,,11,1,-,-,-
,,5311,SUMBA TIMUR,1,1,-,-,,,,,11,1,-,-,-
,,5312,SUMBA BARAT,2,-,-,111,15,,,,11,1,-,-,-
,,5313,LEMBATA,9,-,-,98,1,,5,21,11,1,-,-,-
,,5314,ROTE NDAO,4,2,-,582,,,2,,11,1,-,-,-
,,5315,MANGGARAI BARAT,4,-,-,946,,6,2,14,11,1,-,-,-
,,5316,NAGEKEO,1,1,-,3,,,,1,11,1,-,-,-
,,5318,SUMBA BARAT DAYA,1,-,-,20,1,2,2,,11,1,1,1,-
,,5321,MALAKA,2,1,-,20.008,,,,4.295,11,1,-,-,-
,,5371,KOTA KUPANG,4,-,-,1.122,2,7,26,268,11,1,-,-,-
61,"KALIMANTAN
BARAT",6101,SAMBAS,8,-,-,26.942,,,,5.658,11,1,-,-,-
,,6102,MEMPAWAH,2,-,-,10.157,,,,2.648,11,1,-,-,-
,,6103,SANGGAU,8,-,-,21.832,8,3,8,4.398,11,1,4,-,-
,,6104,KETAPANG,6,-,-,21.378,,,,4.193,11,1,-,-,-
,,6105,SINTANG,4,-,-,78.954,1,,,14.981,11,1,-,-,-
,,6106,KAPUAS HULU,2,-,-,80.714,2,,,15.145,11,1,-,-,-
,,6107,BENGKAYANG,5,-,-,17.452,1,,,3.188,11,1,-,-,-
,,6108,LANDAK,6,1,-,70.790,4,2,,15.758,11,1,-,-,-
,,6109,SEKADAU,3,-,-,43.397,,,,11.284,11,1,-,-,-
,,6110,MELAWI,10,2,-,48.692,,,,11.557,11,1,-,-,-
,,6111,KAYONG UTARA,1,-,-,-,,,,,11,1,-,-,-
,,6112,KUBU RAYA,11,1,2,30.638,1,2,9,6.950,11,1,-,-,-
,,6171,KOTA PONTIANAK,1,-,-,-,8,,4,,11,1,-,-,-
,,6172,KOTA SINGKAWANG,2,-,-,1.775,,,,337,11,1,-,-,-
62,"KALIMANTAN
TENGAH",6201,"KOTAWARINGIN
BARAT",5,-,-,8.183,,,,1.127,11,1,-,-,-
,,6202,"KOTAWARINGIN
TIMUR",7,-,2,6.336,,,,2.288,11,1,-,-,-
,,6203,KAPUAS,2,-,-,37.697,,,,7.425,11,1,-,-,-
,,6204,BARITO SELATAN,2,-,-,180,,,,36,11,1,-,-,-
,,6205,BARITO UTARA,4,-,-,90.938,,,,19.490,11,1,-,-,-
,,6206,KATINGAN,3,-,-,7.507,,,,1.625,11,1,-,-,-
,,6207,SERUYAN,2,-,-,12.186,,,,2.924,11,1,-,-,-
,,6208,SUKAMARA,7,-,-,2.125,,,,614,11,1,-,-,-
"Kode
Wilayah
Provinsi",Nama Provinsi,"Kode
Wilayah
Kabupaten
/ Kota","Nama Kabupaten/
Kota","Jumlah
Kejadian",Korban,,,Kerusakan,,,,12,1,,,
,,,,,"Meninggal
& Hilang","Luka-
Luka","Mengungsi
&
Terdampak",Rumah,,,,12,1,"Fasillitas
Pendidikan","Fasilitas
Peribadatan","Fasilitas
Kesehatan"
,,,,,,,,"Rusak
Berat","Rusak
Sedang","Rusak
Ringan",Terendam,12,1,,,
,,,,,Jiwa,,,Unit,,,,12,1,,,
(1),(2),(3),(4),(5),(6),(7),(8),(9),(10),(11),(12),12,1,(13),(14),(15)
,,6209,LAMANDAU,6,-,-,5.037,,,,739,12,1,-,-,-
,,6210,GUNUNG MAS,4,-,-,2.974,,,,714,12,1,-,-,-
,,6211,PULANG PISAU,4,-,-,12.415,,,,3.056,12,1,-,-,-
,,6212,MURUNG RAYA,4,-,-,83.664,,,,21.026,12,1,-,-,-
,,6271,"KOTA
PALANGKARAYA",6,5,-,62.955,,,,9.588,12,1,-,-,-
63,"KALIMANTAN
SELATAN",6301,TANAH LAUT,2,-,-,1.220,,,,244,12,1,-,-,-
,,6303,BANJAR,8,-,-,853,9,8,16,100,12,1,1,1,-
,,6304,BARITO KUALA,1,-,-,-,,,,,12,1,-,-,-
,,6305,TAPIN,2,-,-,299,,,,107,12,1,-,-,-
,,6307,"HULU SUNGAI
TENGAH",1,-,-,6.340,,,,2.210,12,1,-,-,-
,,6308,"HULU SUNGAI
UTARA",1,-,-,18.266,,,,5.413,12,1,-,-,-
,,6309,TABALONG,1,-,-,241,,,,90,12,1,-,-,-
,,6310,TANAH BUMBU,6,-,-,22.597,,,,6.239,12,1,-,-,-
,,6311,BALANGAN,3,-,-,430,,,12,262,12,1,-,-,-
,,6372,KOTA BANJARBARU,1,-,-,-,,,,,12,1,-,-,-
64,"KALIMANTAN
TIMUR",6401,PASER,7,-,-,2.008,5,-,25,496,12,1,-,1,-
,,6402,"KUTAI
KARTANEGARA",31,-,-,86,5,-,11,-,12,1,-,1,-
,,6403,BERAU,4,-,1,1.765,6,-,7,512,12,1,-,-,-
,,6407,KUTAI BARAT,20,-,-,36.612,7,-,15,9.690,12,1,-,-,-
,,6408,KUTAI TIMUR,13,-,-,-,-,-,-,-,12,1,-,-,-
,,6409,"PENAJAM PASER
UTARA",15,-,-,3.216,44,-,-,775,12,1,-,-,-
,,6411,MAHAKAM ULU,2,-,-,2.940,55,5,37,14,12,1,-,-,-
,,6471,KOTA BALIKPAPAN,7,-,-,2.830,5,-,-,-,12,1,-,-,-
,,6472,KOTA SAMARINDA,32,1,-,2.907,1,-,5,633,12,1,-,-,-
,,6474,KOTA BONTANG,13,-,-,-,-,-,-,-,12,1,-,-,-
65,"KALIMANTAN
UTARA",6501,BULUNGAN,5,-,-,10.360,777,,,1.275,12,1,-,-,-
,,6502,MALINAU,2,-,-,13.652,5,,,4.038,12,1,-,-,-
,,6503,NUNUKAN,2,-,-,1.862,,,,238,12,1,-,-,-
,,6571,KOTA TARAKAN,1,3,-,50,5,,5,,12,1,-,-,-
71,"SULAWESI
UTARA",7101,"BOLAANG
MONGONDOW",4,-,-,9.207,2,,,2.930,12,1,-,-,-
,,7102,MINAHASA,6,-,-,6.212,7,,35,901,12,1,-,-,-
,,7103,"KEPULAUAN
SANGIHE",1,-,-,536,,3,2,,12,1,-,-,-
,,7104,"KEPULAUAN
TALAUD",1,-,-,110,,,,,12,1,-,-,-
,,7105,MINAHASA SELATAN,1,-,-,55,,,,,12,1,-,-,-
,,7106,MINAHASA UTARA,1,-,-,7.950,28,33,206,1.622,12,1,1,-,-
"Kode
Wilayah
Provinsi",Nama Provinsi,"Kode
Wilayah
Kabupaten
/ Kota","Nama Kabupaten/
Kota","Jumlah
Kejadian",Korban,,,Kerusakan,,,,13,1,,,
,,,,,"Meninggal
& Hilang","Luka-
Luka","Mengungsi
&
Terdampak",Rumah,,,,13,1,"Fasillitas
Pendidikan","Fasilitas
Peribadatan","Fasilitas
Kesehatan"
,,,,,,,,"Rusak
Berat","Rusak
Sedang","Rusak
Ringan",Terendam,13,1,,,
,,,,,Jiwa,,,Unit,,,,13,1,,,
(1),(2),(3),(4),(5),(6),(7),(8),(9),(10),(11),(12),13,1,(13),(14),(15)
,,7108,"BOLAANG
MONGONDOW
UTARA",3,-,-,2.924,,,,774,13,1,-,-,-
,,7109,"KEP. SIAU
TAGULANDANG
BIARO",1,-,-,24.314,,,363,,13,1,-,-,-
,,7111,"BOLAANG
MONGONDOW
SELATAN",1,-,-,7.788,,,,2.259,13,1,-,-,-
,,7171,KOTA MANADO,2,-,-,454,8,,,259,13,1,-,-,-
,,7172,KOTA BITUNG,2,1,3,14.545,50,120,27,4.688,13,1,-,-,-
72,"SULAWESI
TENGAH",7201,BANGGAI,10,-,-,4.822,1,,10,531,13,1,-,-,-
,,7202,POSO,10,-,-,5.135,1,4,2,969,13,1,-,-,-
,,7203,DONGGALA,12,-,-,7.946,20,,5,1.896,13,1,2,2,1
,,7204,TOLI TOLI,3,-,-,555,,,3,116,13,1,-,-,-
,,7205,BUOL,6,1,-,7.360,55,224,267,1.482,13,1,-,1,2
,,7206,MOROWALI,8,-,3,1.615,1,9,1,161,13,1,1,1,-
,,7207,"BANGGAI
KEPULAUAN",3,-,-,176,1,2,11,24,13,1,-,-,-
,,7208,PARIGI MOUTONG,15,1,-,12.655,68,8,16,2.151,13,1,-,-,-
,,7209,TOJO UNA UNA,5,1,-,11.549,8,7,,2.429,13,1,-,-,-
,,7210,SIGI,8,3,1,1.578,,,,241,13,1,-,-,-
,,7211,BANGGAI LAUT,3,-,-,3.820,,,,740,13,1,-,-,-
,,7212,MOROWALI UTARA,8,-,-,9.353,,,,1.115,13,1,-,-,-
,,7271,KOTA PALU,3,-,-,1.720,,,,265,13,1,-,-,-
73,"SULAWESI
SELATAN",7301,"KEPULAUAN
SELAYAR",3,-,-,3.101,,,,168,13,1,-,-,-
,,7302,BULUKUMBA,5,1,-,1.973,,2,18,243,13,1,-,-,-
,,7304,JENEPONTO,6,-,-,5.735,9,4,17,,13,1,-,-,-
,,7305,TAKALAR,8,-,-,530,3,10,15,,13,1,-,-,-
,,7306,GOWA,3,-,-,1.412,,,,229,13,1,-,-,-
,,7307,SINJAI,2,-,-,234,3,2,30,38,13,1,-,2,-
,,7308,BONE,9,-,-,1.669,6,15,61,280,13,1,-,-,-
,,7309,MAROS,5,-,-,212.486,1,13,7,,13,1,-,-,-
,,7310,"PANGKAJENE DAN
KEPULAUAN",4,-,-,93.991,1,17,5,1.123,13,1,-,-,-
,,7311,BARRU,3,1,-,68.209,,2,21,285,13,1,-,-,-
,,7312,SOPPENG,4,10,8,31.361,35,,,1.310,13,1,-,-,-
,,7313,WAJO,8,1,-,86.086,53,25,83,24.825,13,1,2,-,-
,,7314,"SIDENRENG
RAPPANG",11,4,4,31.028,21,35,167,7.885,13,1,5,-,-
,,7315,PINRANG,20,-,-,13.798,61,51,79,3.123,13,1,-,-,-
,,7316,ENREKANG,4,-,-,9.467,7,,,1.142,13,1,-,-,-
,,7317,LUWU,27,19,69,41.941,139,57,170,7.607,13,1,-,-,-
,,7318,TANA TORAJA,2,20,2,99,11,,,,13,1,-,-,-
"Kode
Wilayah
Provinsi",Nama Provinsi,"Kode
Wilayah
Kabupaten
/ Kota","Nama Kabupaten/
Kota","Jumlah
Kejadian",Korban,,,Kerusakan,,,,14,1,,,
,,,,,"Meninggal
& Hilang","Luka-
Luka","Mengungsi
&
Terdampak",Rumah,,,,14,1,"Fasillitas
Pendidikan","Fasilitas
Peribadatan","Fasilitas
Kesehatan"
,,,,,,,,"Rusak
Berat","Rusak
Sedang","Rusak
Ringan",Terendam,14,1,,,
,,,,,Jiwa,,,Unit,,,,14,1,,,
(1),(2),(3),(4),(5),(6),(7),(8),(9),(10),(11),(12),14,1,(13),(14),(15)
,,7322,LUWU UTARA,21,-,-,109.201,1,1,24,24.759,14,1,-,-,-
,,7324,LUWU TIMUR,4,-,-,809,39,8,16,108,14,1,-,-,-
,,7326,TORAJA UTARA,2,3,6,180,2,,,,14,1,-,-,-
,,7371,KOTA MAKASSAR,3,-,-,65.000,,,,16.580,14,1,-,-,-
,,7372,KOTA PAREPARE,3,-,-,1.035,4,,8,294,14,1,-,-,-
,,7373,KOTA PALOPO,8,-,-,16.435,,,,3.167,14,1,-,-,-
74,"SULAWESI
TENGGARA",7401,KOLAKA,1,-,-,6.315,,,,1.263,14,1,-,-,-
,,7402,KONAWE,6,-,-,3.290,14,9,46,344,14,1,-,-,-
,,7405,KONAWE SELATAN,2,-,-,735,,,,148,14,1,-,-,-
,,7406,BOMBANA,1,-,-,40,,,,8,14,1,-,-,-
,,7407,WAKATOBI,1,-,2,74,5,8,5,,14,1,-,-,-
,,7409,KONAWE UTARA,2,-,-,5.280,1,,,1.426,14,1,-,-,-
,,7410,BUTON UTARA,3,-,-,3.240,,,,724,14,1,-,-,-
,,7413,MUNA BARAT,1,-,-,275,,,,,14,1,-,-,-
,,7471,KOTA KENDARI,3,2,1,16.835,,,,3.304,14,1,-,-,-
75,GORONTALO,7501,GORONTALO,7,1,-,52.889,9,,1,7.962,14,1,-,-,-
,,7502,BOALEMO,6,-,-,3.588,,,,760,14,1,-,-,-
,,7503,BONE BOLANGO,9,43,8,15.655,37,,56,3.086,14,1,-,1,-
,,7504,POHUWATO,5,-,-,14.440,,,,4.370,14,1,-,-,-
,,7505,GORONTALO UTARA,5,-,-,17.609,3,,20,5.459,14,1,-,-,-
,,7571,KOTA GORONTALO,3,1,227,56.629,,,,6.799,14,1,-,-,-
76,"SULAWESI
BARAT",7602,MAMUJU,6,-,-,7.182,3,1,5,1.107,14,1,-,-,-
,,7603,MAMASA,3,-,1,2.187,61,41,199,,14,1,-,-,-
,,7604,POLEWALI MANDAR,4,1,2,7.340,,8,2,488,14,1,1,-,-
,,7606,MAMUJU TENGAH,9,-,-,6.677,,,5,1.154,14,1,-,-,-
81,MALUKU,8101,MALUKU TENGAH,7,-,-,4.793,5,3,5,1.015,14,1,-,-,-
,,8102,MALUKU TENGGARA,3,-,-,1.458,36,55,49,198,14,1,-,-,-
,,8103,"KEPULAUAN
TANIMBAR",1,-,-,95,,,17,,14,1,-,-,-
,,8104,BURU,1,-,-,11.481,,,1,1.564,14,1,-,-,-
,,8105,"SERAM BAGIAN
TIMUR",3,-,-,561,2,2,33,96,14,1,-,-,-
,,8106,"SERAM BAGIAN
BARAT",5,-,-,3.880,,,,747,14,1,-,-,-
,,8107,KEPULAUAN ARU,3,-,-,495,4,,25,161,14,1,1,1,-
,,8108,"MALUKU BARAT
DAYA",1,4,-,-,,,,,14,1,-,-,-
,,8109,BURU SELATAN,2,-,-,520,10,,12,104,14,1,-,-,-
,,8171,KOTA AMBON,7,3,3,368,,,41,,14,1,-,-,-
,,8172,KOTA TUAL,3,-,-,235,20,25,11,,14,1,-,1,-
82,"MALUKU
UTARA",8201,HALMAHERA BARAT,5,1,2,8.488,2,4,8,138,14,1,-,-,-
,,8202,"HALMAHERA
TENGAH",7,-,-,6.996,,,,966,14,1,-,-,-
"Kode
Wilayah
Provinsi",Nama Provinsi,"Kode
Wilayah
Kabupaten
/ Kota","Nama Kabupaten/
Kota","Jumlah
Kejadian",Korban,,,Kerusakan,,,,15,1,,,
,,,,,"Meninggal
& Hilang","Luka-
Luka","Mengungsi
&
Terdampak",Rumah,,,,15,1,"Fasillitas
Pendidikan","Fasilitas
Peribadatan","Fasilitas
Kesehatan"
,,,,,,,,"Rusak
Berat","Rusak
Sedang","Rusak
Ringan",Terendam,15,1,,,
,,,,,Jiwa,,,Unit,,,,15,1,,,
(1),(2),(3),(4),(5),(6),(7),(8),(9),(10),(11),(12),15,1,(13),(14),(15)
,,8203,HALMAHERA UTARA,4,1,-,4.577,,,2,748,15,1,-,-,-
,,8204,"HALMAHERA
SELATAN",6,1,-,14.498,27,6,27,992,15,1,-,-,-
,,8206,HALMAHERA TIMUR,10,-,-,5.301,12,,,1.052,15,1,-,-,-
,,8207,PULAU MOROTAI,5,-,-,3.027,2,69,,440,15,1,-,1,-
,,8208,PULAU TALIABU,7,-,8,1.149,3,,7,155,15,1,-,-,-
,,8271,KOTA TERNATE,2,20,15,1.000,19,2,43,39,15,1,-,1,-
,,8272,"KOTA TIDORE
KEPULAUAN",10,-,-,1.552,1,,82,486,15,1,-,-,-
91,P A P U A,9103,JAYAPURA,4,2,-,2.720,,,,692,15,1,-,1,-
,,9105,KEPULAUAN YAPEN,4,-,-,2.782,1,,272,329,15,1,3,2,-
,,9110,SARMI,1,-,-,232,,,23,16,15,1,-,1,-
,,9111,KEEROM,3,-,-,206,,,,38,15,1,-,-,-
,,9115,WAROPEN,4,-,-,803,,,20,157,15,1,1,3,-
,,9120,MAMBERAMO RAYA,1,-,-,531,,,,257,15,1,-,-,-
,,9171,KOTA JAYAPURA,2,-,-,465,,,1,100,15,1,-,-,-
92,PAPUA BARAT,9202,MANOKWARI,9,-,-,4.374,,,59,347,15,1,-,3,-
,,9206,TELUK BINTUNI,4,-,-,5.405,,,,1.100,15,1,-,-,-
,,9207,TELUK WONDAMA,1,-,,2.278,,,,,15,1,-,-,-
,,9211,"MANOKWARI
SELATAN",3,-,-,1.366,,,,293,15,1,-,-,-
,,9212,"PEGUNUNGAN
ARFAK",1,4,1,1.080,8,,,,15,1,-,-,-
93,"PAPUA
SELATAN",9301,MERAUKE,3,-,-,3.805,7,6,836,258,15,1,1,1,-
94,PAPUA TENGAH,9402,PUNCAK JAYA,1,2,2,4,,,,,15,1,-,-,-
,,9404,MIMIKA,2,7,-,5.353,,,,495,15,1,-,-,-
,,9406,DOGIYAI,1,5,1,-,,,,,15,1,-,-,-
,,9407,INTAN JAYA,1,5,1,-,,,,,15,1,-,-,-
95,"PAPUA
PEGUNUNGAN",9502,"KAB PEGUNUNGAN
BINTANG",2,-,-,1.724,13,,44,,15,1,21,1,5
,,9503,YAHUKIMO,1,-,-,2.956,1.133,,,,15,1,-,-,-
96,"PAPUA BARAT
DAYA",9601,SORONG,2,-,-,5.745,2,,,3.000,15,1,-,-,-
,,9671,KOTA SORONG,2,-,-,9.214,19,,19,3.441,15,1,-,-,-
"Kode
Wilayah
Provinsi",Nama Provinsi,"Jumlah
Kejadian",Korban,,,Kerusakan,,,,,,16,1,,,
,,,"Meninggal
& Hilang","Luka /
Sakit","Mengungsi
& Terdampak","Rumah
Rusak
Berat","Rumah
Rusak
Sedang","Rumah
Rusak
Ringan","Rumah
Terendam","Fasilitas
Pendidikan","Fasilitas
Peribadatan",16,1,"Fasilitas
Kesehatan",,
,,,(jiwa),,,(unit),,,,,,16,1,,,
(1),(2),(3),(4),(5),(6),(7),(8),(9),(10),(11),(12),16,1,(13),,
11,ACEH,47,3,-,230.712,49,16,41,29.834,1,-,16,1,-,,
12,SUMATERA UTARA,120,12,105,353.645,141,12,370,69.117,9,4,16,1,-,,
13,SUMATERA BARAT,64,72,66,303.291,1.363,5.072,6.142,68.550,21,14,16,1,5,,
14,RIAU,53,-,-,248.958,15,9,98,58.058,-,-,16,1,16,,
15,JAMBI,44,4,-,315.814,28,25,184,86.147,1,4,16,1,-,,
16,SUMATERA SELATAN,69,15,14,607.560,528,204,475,103.894,1,1,16,1,-,,
17,BENGKULU,9,-,1,19.406,79,,290,3.886,-,-,16,1,-,,
18,LAMPUNG,28,5,-,52.641,,3,,10.668,-,-,16,1,-,,
19,"KEPULAUAN BANGKA
BELITUNG",2,-,-,2.665,,,,563,-,-,16,1,-,,
21,KEPULAUAN RIAU,4,1,-,2.964,,,,204,-,-,16,1,-,,
31,DKI JAKARTA,14,-,-,9.862,,,,2.729,-,-,16,1,-,,
32,JAWA BARAT,143,15,10.400,483.117,391,437,9.739,115.820,5,6,16,1,-,,
33,JAWA TENGAH,78,18,2,996.757,34,36,2.563,231.645,1,6,16,1,-,,
35,JAWA TIMUR,121,8,4,324.153,16,10,84,54.686,3,4,16,1,1,,
36,BANTEN,66,4,1,135.945,23,9,89,13.899,-,-,16,1,-,,
51,BALI,2,1,-,-,,1,16,,-,-,16,1,-,,
52,NUSA TENGGARA BARAT,44,-,9,88.140,26,9,2,7.208,2,-,16,1,-,,
53,NUSA TENGGARA TIMUR,13,5,-,22.504,1,6,27,5.208,-,-,16,1,-,,
61,KALIMANTAN BARAT,56,3,-,452.546,16,5,8,96.097,4,-,16,1,-,,
62,KALIMANTAN TENGAH,39,5,2,332.197,,,,70.652,-,-,16,1,-,,
63,KALIMANTAN SELATAN,15,-,-,50.108,,,,14.665,1,-,16,1,-,,
64,KALIMANTAN TIMUR,29,1,-,51.843,56,5,37,12.120,-,-,16,1,-,,
65,KALIMANTAN UTARA,5,-,-,24.708,782,,,5.551,-,-,16,1,-,,
71,SULAWESI UTARA,17,1,3,49.376,80,156,235,13.433,1,-,16,1,-,,
72,SULAWESI TENGAH,85,6,2,67.487,145,246,285,12.120,2,2,16,1,1,,
73,SULAWESI SELATAN,91,10,63,762.062,165,69,143,93.166,2,1,16,1,-,,
74,SULAWESI TENGGARA,17,2,1,35.815,1,,,7.217,-,-,16,1,-,,
75,GORONTALO,31,2,227,158.713,40,,76,28.436,-,1,16,1,-,,
76,SULAWESI BARAT,15,-,-,16.272,1,,5,2.749,-,-,16,1,-,,
81,MALUKU,18,-,-,22.143,5,5,37,3.835,1,1,16,1,-,,
82,MALUKU UTARA,40,22,16,36.266,59,10,120,4.981,-,1,16,1,-,,
91,P A P U A,15,1,-,7.306,1,,267,1.553,4,6,16,1,-,,
92,PAPUA BARAT,15,-,-,12.754,,,59,1.691,-,3,16,1,-,,
93,PAPUA SELATAN,2,-,-,3.010,,6,836,54,-,-,16,1,-,,
94,PAPUA TENGAH,5,19,4,5.357,,,,495,-,-,16,1,-,,
96,PAPUA BARAT DAYA,4,-,-,14.959,21,,19,6.441,-,-,16,1,-,,
"Kode
Wilayah
Provinsi","Nama
Provinsi","Kode
Wilayah
Kabupaten
/ Kota","Nama Kabupaten/
Kota","Jumlah
Kejadian",Korban,,,Kerusakan,,,,17,1,,,
,,,,,"Meninggal
& Hilang","Luka /
Sakit","Mengungsi
& Terdampak","Rumah
Rusak
Berat","Rumah
Rusak
Sedang","Rumah
Rusak
Ringan","Rumah
Terendam",17,1,"Fasilitas
Pendidikan","Fasilitas
Peribadatan","Fasilitas
Kesehatan"
,,,,,(jiwa),,,(unit),,,,17,1,,,
(1),(2),(3),(4),(5),(6),(7),(8),(9),(10),(11),(12),17,1,(13),(14),(15)
11,ACEH,1101,ACEH SELATAN,5,-,-,25.292,-,-,-,4.339,17,1,-,-,-
,,1102,ACEH TENGGARA,6,1,-,9.780,21,12,19,1.313,17,1,-,-,-
,,1103,ACEH TIMUR,2,-,-,1.960,-,-,-,252,17,1,-,-,-
,,1104,ACEH TENGAH,2,-,-,382,-,-,1,88,17,1,-,-,-
,,1105,ACEH BARAT,3,2,-,8.818,1,-,-,2.890,17,1,-,-,-
,,1107,PIDIE,3,-,-,86.870,-,-,1,6.189,17,1,1,-,-
,,1108,ACEH UTARA,1,-,-,5.039,-,-,-,1.363,17,1,-,-,-
,,1109,SIMEULUE,1,-,-,320,-,-,-,64,17,1,-,-,-
,,1110,ACEH SINGKIL,5,-,-,35.140,2,4,12,1.915,17,1,-,-,-
,,1111,BIREUEN,3,-,-,16.336,-,-,-,3.729,17,1,-,-,-
,,1113,GAYO LUES,2,-,-,180,24,-,8,,17,1,-,-,-
,,1114,ACEH JAYA,5,-,-,8.810,-,-,-,2.365,17,1,-,-,-
,,1115,NAGAN RAYA,2,-,-,9.116,-,-,-,2.776,17,1,-,-,-
,,1116,ACEH TAMIANG,1,-,-,6.415,1,-,-,,17,1,-,-,-
,,1118,PIDIE JAYA,1,-,-,350,-,-,-,70,17,1,-,-,-
,,1175,"KOTA
SUBULUSSALAM",5,-,-,15.904,-,-,-,2.481,17,1,-,-,-
12,"SUMATERA
UTARA",1201,TAPANULI TENGAH,2,-,-,1.450,1,-,13,50,17,1,-,-,-
,,1202,TAPANULI UTARA,3,-,,660,15,-,10,190,17,1,-,1,-
,,1203,TAPANULI SELATAN,8,2,85,6.069,105,-,305,645,17,1,1,-,-
,,1205,LANGKAT,8,1,11,28.318,-,-,-,8.815,17,1,-,-,-
,,1206,KARO,4,1,-,140,1,-,-,4,17,1,-,-,-
,,1207,DELI SERDANG,14,6,9,65.993,5,-,2,2.949,17,1,-,1,-
,,1208,SIMALUNGUN,6,2,-,1.229,-,-,2,163,17,1,-,-,-
,,1209,ASAHAN,8,-,-,33.946,-,-,-,6.779,17,1,-,-,-
,,1210,LABUHANBATU,1,-,-,150,-,-,-,30,17,1,-,-,-
,,1211,DAIRI,5,-,-,656,9,-,24,5,17,1,-,-,-
,,1213,MANDAILING NATAL,7,-,-,960,1,12,-,229,17,1,-,-,-
,,1216,"HUMBANG
HASUNDUTAN",1,-,,-,-,-,-,,17,1,-,-,-
,,1217,SAMOSIR,2,-,,8,1,-,6,,17,1,-,-,-
,,1218,SERDANG BEDAGAI,5,-,,15.568,2,-,-,3.649,17,1,-,-,-
,,1219,BATU BARA,1,-,,-,-,-,-,405,17,1,-,-,-
,,1220,"PADANG LAWAS
UTARA",2,-,-,480,-,-,-,110,17,1,-,-,-
,,1221,PADANG LAWAS,7,-,-,7.301,1,-,8,2.077,17,1,8,2,-
,,1222,"LABUHANBATU
SELATAN",3,-,-,7.471,-,-,-,1.486,17,1,-,-,-
,,1223,"LABUHANBATU
UTARA",3,-,-,23.090,-,-,-,2.570,17,1,-,-,-
,,1224,NIAS UTARA,2,-,-,3.200,-,-,-,600,17,1,-,-,-
"Kode
Wilayah
Provinsi","Nama
Provinsi","Kode
Wilayah
Kabupaten
/ Kota","Nama Kabupaten/
Kota","Jumlah
Kejadian",Korban,,,Kerusakan,,,,18,1,,,
,,,,,"Meninggal
& Hilang","Luka /
Sakit","Mengungsi
& Terdampak","Rumah
Rusak
Berat","Rumah
Rusak
Sedang","Rumah
Rusak
Ringan","Rumah
Terendam",18,1,"Fasilitas
Pendidikan","Fasilitas
Peribadatan","Fasilitas
Kesehatan"
,,,,,(jiwa),,,(unit),,,,18,1,,,
(1),(2),(3),(4),(5),(6),(7),(8),(9),(10),(11),(12),18,1,(13),(14),(15)
,,1225,NIAS BARAT,2,-,,8.545,-,-,-,2.107,18,1,-,-,-
,,1271,KOTA MEDAN,10,-,-,42.433,-,-,-,11.366,18,1,-,-,-
,,1272,"KOTA
PEMATANGSIANTAR",1,-,,120,-,-,-,30,18,1,-,-,-
,,1273,KOTA SIBOLGA,1,-,-,1.565,-,-,-,313,18,1,-,-,-
,,1274,"KOTA TANJUNG
BALAI",4,-,-,62.322,-,-,-,14.029,18,1,-,-,-
,,1275,KOTA BINJAI,4,-,-,28.569,-,-,-,6.882,18,1,-,-,-
,,1276,KOTA TEBING TINGGI,2,-,,11.037,-,-,-,3.044,18,1,-,-,-
,,1277,"KOTA PADANG
SIDEMPUAN",2,-,,1.850,-,-,-,467,18,1,-,-,-
,,1278,KOTA GUNUNGSITOLI,2,-,-,515,-,-,-,123,18,1,-,-,-
13,"SUMATERA
BARAT",1301,PESISIR SELATAN,15,30,-,175.984,1.183,4.325,4.673,36.721,18,1,-,-,-
,,1302,SOLOK,2,-,-,619,-,-,-,35,18,1,-,-,-
,,1303,SIJUNJUNG,5,-,-,4.579,6,-,64,1.050,18,1,-,1,-
,,1304,TANAH DATAR,3,1,-,320,-,29,-,64,18,1,-,-,-
,,1305,PADANG PARIAMAN,3,8,35,36.013,24,58,6,10.625,18,1,-,-,-
,,1306,AGAM,4,25,23,5.586,63,42,247,274,18,1,5,7,-
,,1307,LIMA PULUH KOTA,4,4,-,6.005,10,-,820,1.197,18,1,-,3,1
,,1308,PASAMAN,2,-,-,2.205,-,-,-,441,18,1,1,1,-
,,1309,"KEPULAUAN
MENTAWAI",2,-,-,4.125,-,-,18,833,18,1,-,-,-
,,1310,DHARMASRAYA,8,2,1,8.366,-,606,211,2.904,18,1,11,-,-
,,1311,SOLOK SELATAN,4,-,-,1.918,9,5,21,389,18,1,-,-,-
,,1312,PASAMAN BARAT,4,-,-,2.895,11,-,-,1.357,18,1,-,-,-
,,1371,KOTA PADANG,1,-,6,46.539,54,-,82,10.960,18,1,2,-,4
,,1372,KOTA SOLOK,1,-,-,3.028,-,-,-,692,18,1,-,-,-
,,1373,KOTA SAWAHLUNTO,1,-,-,828,-,-,-,240,18,1,2,1,-
,,1374,"KOTA PADANG
PANJANG",1,2,1,471,3,-,-,6,18,1,-,1,-
,,1375,KOTA BUKITTINGGI,2,-,-,1.075,-,-,-,215,18,1,-,-,-
,,1376,KOTA PAYAKUMBUH,1,-,,-,-,7,-,,18,1,-,-,-
,,1377,KOTA PARIAMAN,1,-,-,2.735,-,-,-,547,18,1,-,-,-
14,RIAU,1401,KAMPAR,8,-,-,10.084,-,-,-,2.916,18,1,-,-,-
,,1402,INDRAGIRI HULU,7,-,-,87.703,-,-,-,20.761,18,1,-,-,16
,,1403,BENGKALIS,1,-,-,4.449,-,-,-,961,18,1,-,-,-
,,1404,INDRAGIRI HILIR,4,-,-,10.750,15,9,98,2.867,18,1,-,-,-
,,1405,PELALAWAN,1,-,-,25.663,-,-,-,7.036,18,1,-,-,-
,,1406,ROKAN HULU,6,-,-,11.104,-,-,-,1.387,18,1,-,-,-
,,1407,ROKAN HILIR,5,-,-,70.624,-,-,-,16.550,18,1,-,-,-
"Kode
Wilayah
Provinsi","Nama
Provinsi","Kode
Wilayah
Kabupaten
/ Kota","Nama Kabupaten/
Kota","Jumlah
Kejadian",Korban,,,Kerusakan,,,,19,1,,,
,,,,,"Meninggal
& Hilang","Luka /
Sakit","Mengungsi
& Terdampak","Rumah
Rusak
Berat","Rumah
Rusak
Sedang","Rumah
Rusak
Ringan","Rumah
Terendam",19,1,"Fasilitas
Pendidikan","Fasilitas
Peribadatan","Fasilitas
Kesehatan"
,,,,,(jiwa),,,(unit),,,,19,1,,,
(1),(2),(3),(4),(5),(6),(7),(8),(9),(10),(11),(12),19,1,(13),(14),(15)
,,1408,SIAK,1,-,-,692,-,-,-,173,19,1,-,-,-
,,1409,KUANTAN SINGINGI,11,-,-,21.126,-,-,-,3.639,19,1,-,-,-
,,1471,KOTA PEKANBARU,8,-,-,6.565,-,-,-,1.726,19,1,-,-,-
,,1472,KOTA DUMAI,1,-,-,198,-,-,-,42,19,1,-,-,-
15,JAMBI,1501,KERINCI,9,4,-,25.121,21,23,178,8.350,19,1,-,-,-
,,1502,MERANGIN,3,-,-,4.165,-,-,-,1.431,19,1,-,-,-
,,1503,SAROLANGUN,6,-,-,26.195,-,-,4,10.355,19,1,-,-,-
,,1504,BATANGHARI,6,-,-,42.289,-,-,-,16.130,19,1,-,-,-
,,1505,MUARO JAMBI,2,-,-,205,-,-,-,2.575,19,1,-,-,-
,,1506,"TANJUNG JABUNG
BARAT",2,-,-,735,-,-,-,220,19,1,-,-,-
,,1507,"TANJUNG JABUNG
TIMUR",2,-,-,7.204,-,-,-,,19,1,-,-,-
,,1508,BUNGO,5,-,-,108.688,1,-,2,14.868,19,1,-,-,-
,,1509,TEBO,2,-,-,77.843,-,-,-,25.157,19,1,-,-,-
,,1571,KOTA JAMBI,1,-,-,94,-,-,-,86,19,1,-,-,-
,,1572,KOTA SUNGAI PENUH,6,-,-,23.275,6,2,-,6.975,19,1,1,4,-
16,"SUMATERA
SELATAN",1601,"OGAN KOMERING
ULU",8,7,14,188.258,49,38,31,34.469,19,1,-,-,-
,,1603,MUARA ENIM,10,-,-,16.439,1,-,-,7.810,19,1,-,-,-
,,1604,LAHAT,2,-,-,3.310,-,-,-,567,19,1,-,-,-
,,1605,MUSI RAWAS,3,-,-,19.730,-,-,-,3.940,19,1,-,-,-
,,1606,MUSI BANYUASIN,10,-,-,97.876,6,-,1,16.424,19,1,-,-,-
,,1607,BANYUASIN,4,-,-,1.021,-,-,-,251,19,1,-,-,-
,,1608,"OGAN KOMERING
ULU TIMUR",1,-,-,6.810,-,-,-,1.362,19,1,-,-,-
,,1609,"OGAN KOMERING
ULU SELATAN",3,2,-,4.394,4,6,8,1.390,19,1,1,1,-
,,1610,OGAN ILIR,13,-,-,6.554,-,-,-,1.345,19,1,-,-,-
,,1611,EMPAT LAWANG,1,-,-,170,-,-,-,34,19,1,-,-,-
,,1612,"PENUKAL ABAB
LEMATANG ILIR",1,-,-,200,-,-,-,40,19,1,-,-,-
,,1613,MUSI RAWAS UTARA,5,6,-,234.850,464,110,335,32.148,19,1,-,-,-
,,1672,KOTA PAGAR ALAM,2,-,-,810,-,-,-,162,19,1,-,-,-
,,1673,"KOTA LUBUK
LINGGAU",3,-,-,2.359,-,-,-,519,19,1,-,-,-
,,1674,KOTA PRABUMULIH,3,-,-,24.779,4,50,100,3.433,19,1,-,-,-
17,BENGKULU,1701,BENGKULU SELATAN,1,-,-,-,-,-,25,,19,1,-,-,-
,,1705,SELUMA,1,-,-,620,-,-,-,124,19,1,-,-,-
,,1707,LEBONG,1,-,1,14.850,79,-,265,2.970,19,1,-,-,-
,,1708,KEPAHIANG,3,-,-,1.517,-,-,-,326,19,1,-,-,-
"Kode
Wilayah
Provinsi","Nama
Provinsi","Kode
Wilayah
Kabupaten
/ Kota","Nama Kabupaten/
Kota","Jumlah
Kejadian",Korban,,,Kerusakan,,,,20,1,,,
,,,,,"Meninggal
& Hilang","Luka /
Sakit","Mengungsi
& Terdampak","Rumah
Rusak
Berat","Rumah
Rusak
Sedang","Rumah
Rusak
Ringan","Rumah
Terendam",20,1,"Fasilitas
Pendidikan","Fasilitas
Peribadatan","Fasilitas
Kesehatan"
,,,,,(jiwa),,,(unit),,,,20,1,,,
(1),(2),(3),(4),(5),(6),(7),(8),(9),(10),(11),(12),20,1,(13),(14),(15)
,,1771,KOTA BENGKULU,3,-,-,2.419,-,-,-,466,20,1,-,-,-
18,LAMPUNG,1801,LAMPUNG SELATAN,2,-,-,1.635,-,-,-,327,20,1,-,-,-
,,1803,LAMPUNG UTARA,1,-,-,135,-,-,-,27,20,1,-,-,-
,,1804,LAMPUNG BARAT,1,-,-,105,-,-,-,21,20,1,-,-,-
,,1805,TULANG BAWANG,4,-,-,33.097,-,-,-,6.942,20,1,-,-,-
,,1806,TANGGAMUS,2,5,-,5.085,-,3,-,497,20,1,-,-,-
,,1807,LAMPUNG TIMUR,2,-,-,957,-,-,-,254,20,1,-,-,-
,,1808,WAY KANAN,1,-,-,690,-,-,-,138,20,1,-,-,-
,,1809,PESAWARAN,5,-,-,3.538,-,-,-,1.027,20,1,-,-,-
,,1810,PRINGSEWU,1,-,-,625,-,-,-,125,20,1,-,-,-
,,1811,MESUJI,3,-,-,732,-,-,-,163,20,1,-,-,-
,,1813,PESISIR BARAT,1,-,-,150,-,-,-,30,20,1,-,-,-
,,1871,"KOTA BANDAR
LAMPUNG",5,-,-,5.892,-,-,-,1.117,20,1,-,-,-
19,"KEPULAUAN
BANGKA
BELITUNG",1905,BANGKA BARAT,1,-,-,375,-,-,-,105,20,1,-,-,-
,,1971,"KOTA PANGKAL
PINANG",1,-,-,2.290,-,-,-,458,20,1,-,-,-
21,"KEPULAUAN
RIAU",2101,BINTAN,1,-,-,537,-,-,-,172,20,1,-,-,-
,,2102,KARIMUN,1,-,-,125,-,-,-,25,20,1,-,-,-
,,2103,NATUNA,1,-,-,2.302,-,-,-,7,20,1,-,-,-
,,2172,"KOTA TANJUNG
PINANG",1,1,-,-,-,-,-,,20,1,-,-,-
31,DKI JAKARTA,3172,"KOTA ADM. JAKARTA
UTARA",3,-,-,120,-,-,-,,20,1,-,-,-
,,3173,"KOTA ADM. JAKARTA
BARAT",6,-,-,4.376,-,-,-,1.319,20,1,-,-,-
,,3174,"KOTA ADM. JAKARTA
SELATAN",8,-,-,4.447,-,-,-,1.264,20,1,-,-,-
,,3175,"KOTA ADM. JAKARTA
TIMUR",5,-,-,919,-,-,-,146,20,1,-,-,-
32,JAWA BARAT,3201,BOGOR,18,1,7,10.006,2,3,39,2.312,20,1,-,-,-
,,3202,SUKABUMI,9,2,10.352,25.621,215,353,459,1.464,20,1,-,-,-
,,3203,CIANJUR,3,4,1,6.586,11,11,22,1.474,20,1,-,-,-
,,3204,BANDUNG,14,5,4,61.262,4,5,22,12.358,20,1,1,-,-
,,3205,GARUT,1,-,-,138,-,-,-,46,20,1,-,-,-
,,3206,TASIKMALAYA,1,-,,3.948,-,-,-,653,20,1,-,-,-
,,3207,CIAMIS,3,-,-,1.782,-,-,-,515,20,1,-,-,-
,,3208,KUNINGAN,2,-,-,3.023,3,3,1,838,20,1,-,1,-
,,3209,CIREBON,13,2,-,209.250,-,-,-,54.314,20,1,-,-,-
"Kode
Wilayah
Provinsi","Nama
Provinsi","Kode
Wilayah
Kabupaten
/ Kota","Nama Kabupaten/
Kota","Jumlah
Kejadian",Korban,,,Kerusakan,,,,21,1,,,
,,,,,"Meninggal
& Hilang","Luka /
Sakit","Mengungsi
& Terdampak","Rumah
Rusak
Berat","Rumah
Rusak
Sedang","Rumah
Rusak
Ringan","Rumah
Terendam",21,1,"Fasilitas
Pendidikan","Fasilitas
Peribadatan","Fasilitas
Kesehatan"
,,,,,(jiwa),,,(unit),,,,21,1,,,
(1),(2),(3),(4),(5),(6),(7),(8),(9),(10),(11),(12),21,1,(13),(14),(15)
,,3210,MAJALENGKA,1,-,-,7.141,-,-,-,2.131,21,1,-,-,-
,,3211,SUMEDANG,7,1,-,4.378,1,-,-,845,21,1,-,-,-
,,3212,INDRAMAYU,5,-,-,30.808,-,3,2,6.493,21,1,-,-,-
,,3213,SUBANG,6,-,-,9.185,-,-,-,3.039,21,1,-,-,-
,,3214,PURWAKARTA,1,-,-,810,-,-,-,184,21,1,-,-,-
,,3215,KARAWANG,19,-,-,38.387,14,12,112,12.765,21,1,-,-,-
,,3216,BEKASI,11,-,-,47.254,-,-,-,11.870,21,1,-,-,-
,,3217,BANDUNG BARAT,3,-,36,2.941,132,36,104,45,21,1,3,5,-
,,3218,PANGANDARAN,1,-,,763,-,-,-,263,21,1,-,-,-
,,3271,KOTA BOGOR,5,-,-,1.002,4,-,-,271,21,1,-,-,-
,,3272,KOTA SUKABUMI,3,-,-,2.174,-,-,-,1.024,21,1,1,-,-
,,3273,KOTA BANDUNG,3,-,-,2.035,2,5,4,515,21,1,-,-,-
,,3274,KOTA CIREBON,3,-,-,1.680,-,-,-,197,21,1,-,-,-
,,3275,KOTA BEKASI,4,-,-,11.789,-,-,8.973,2.013,21,1,-,-,-
,,3276,KOTA DEPOK,4,-,,797,-,-,-,144,21,1,-,-,-
,,3277,KOTA CIMAHI,2,-,,209,3,6,1,47,21,1,-,-,-
,,3278,KOTA TASIKMALAYA,1,-,-,148,-,-,-,,21,1,-,-,-
33,"JAWA
TENGAH",3301,CILACAP,8,1,-,37.225,16,15,59,11.974,21,1,-,-,-
,,3302,BANYUMAS,2,-,-,251,-,-,-,77,21,1,-,-,-
,,3303,PURBALINGGA,1,-,-,110,-,-,-,22,21,1,-,-,-
,,3305,KEBUMEN,2,-,-,6.233,-,-,-,1.664,21,1,-,4,-
,,3306,PURWOREJO,1,-,-,400,-,-,-,,21,1,-,-,-
,,3307,WONOSOBO,1,-,-,280,-,-,-,56,21,1,-,-,-
,,3310,KLATEN,1,-,-,189,-,-,63,,21,1,-,-,-
,,3311,SUKOHARJO,1,-,-,255,-,-,85,,21,1,-,-,-
,,3312,WONOGIRI,1,-,-,120,-,-,-,24,21,1,-,-,-
,,3313,KARANGANYAR,1,-,-,107,-,-,-,30,21,1,-,-,-
,,3314,SRAGEN,6,-,-,13.078,-,-,-,3.324,21,1,-,-,-
,,3315,GROBOGAN,7,4,-,164.695,15,9,18,32.585,21,1,-,-,-
,,3316,BLORA,3,-,-,465,-,-,-,79,21,1,-,-,-
,,3318,PATI,5,-,-,22.899,-,-,-,6.757,21,1,-,-,-
,,3319,KUDUS,2,8,-,47.513,-,-,-,10.888,21,1,-,-,-
,,3320,JEPARA,3,-,-,36.095,-,-,-,4.094,21,1,-,-,-
,,3321,DEMAK,3,3,-,271.512,-,-,-,66.105,21,1,-,-,-
,,3322,SEMARANG,1,-,2,271,-,-,-,72,21,1,-,-,-
,,3323,TEMANGGUNG,2,-,-,170,-,-,-,36,21,1,-,-,-
,,3324,KENDAL,2,-,-,24.385,-,-,-,10.855,21,1,-,-,-
,,3326,PEKALONGAN,3,2,-,4.908,3,12,106,772,21,1,1,2,-
"Kode
Wilayah
Provinsi","Nama
Provinsi","Kode
Wilayah
Kabupaten
/ Kota","Nama Kabupaten/
Kota","Jumlah
Kejadian",Korban,,,Kerusakan,,,,22,1,,,
,,,,,"Meninggal
& Hilang","Luka /
Sakit","Mengungsi
& Terdampak","Rumah
Rusak
Berat","Rumah
Rusak
Sedang","Rumah
Rusak
Ringan","Rumah
Terendam",22,1,"Fasilitas
Pendidikan","Fasilitas
Peribadatan","Fasilitas
Kesehatan"
,,,,,(jiwa),,,(unit),,,,22,1,,,
(1),(2),(3),(4),(5),(6),(7),(8),(9),(10),(11),(12),22,1,(13),(14),(15)
,,3327,PEMALANG,1,-,-,11.985,-,-,-,1.272,22,1,-,-,-
,,3328,TEGAL,4,-,-,10.839,-,-,-,2.224,22,1,-,-,-
,,3329,BREBES,5,-,-,100.768,-,-,11,23.304,22,1,-,-,-
,,3372,KOTA SURAKARTA,2,-,-,1.340,-,-,-,268,22,1,-,-,-
,,3374,KOTA SEMARANG,3,-,-,190.608,-,-,-,48.349,22,1,-,-,-
,,3375,KOTA PEKALONGAN,4,-,-,33.795,-,-,2.215,2.667,22,1,-,-,-
,,3376,KOTA TEGAL,3,-,-,16.261,-,-,6,4.147,22,1,-,-,-
35,JAWA TIMUR,3502,PONOROGO,2,2,-,1.265,-,-,-,257,22,1,-,-,-
,,3503,TRENGGALEK,1,-,-,75,-,-,-,15,22,1,-,-,-
,,3505,BLITAR,1,-,-,355,6,-,8,69,22,1,-,1,-
,,3506,KEDIRI,3,-,-,610,-,-,-,52,22,1,-,-,-
,,3507,MALANG,1,-,-,885,-,-,-,282,22,1,-,1,-
,,3508,LUMAJANG,2,2,-,6.405,10,10,16,1.431,22,1,-,-,-
,,3509,JEMBER,10,1,2,21.206,-,-,-,3.203,22,1,-,-,-
,,3510,BANYUWANGI,1,-,-,1.230,-,-,-,,22,1,-,-,-
,,3511,BONDOWOSO,4,-,-,495,-,-,-,91,22,1,-,1,-
,,3512,SITUBONDO,3,-,-,1.327,-,-,-,339,22,1,1,1,-
,,3513,PROBOLINGGO,4,-,-,5.309,-,-,-,1.091,22,1,-,-,-
,,3514,PASURUAN,13,1,-,108.986,-,-,-,16.874,22,1,-,-,-
,,3515,SIDOARJO,7,-,-,34.447,-,-,-,2.651,22,1,-,-,-
,,3516,MOJOKERTO,8,-,1,14.290,-,-,-,2.732,22,1,1,-,1
,,3517,JOMBANG,4,-,-,9.743,-,-,-,899,22,1,-,-,-
,,3518,NGANJUK,3,-,-,370,-,-,-,34,22,1,-,-,-
,,3519,MADIUN,6,-,1,4.065,-,-,-,390,22,1,-,-,-
,,3520,MAGETAN,3,-,-,182,-,-,-,23,22,1,-,-,-
,,3521,NGAWI,1,-,-,2.980,-,-,-,745,22,1,-,-,-
,,3522,BOJONEGORO,6,1,-,25.800,-,-,-,1.504,22,1,-,-,-
,,3523,TUBAN,4,-,-,11.965,-,-,-,2.416,22,1,1,-,-
,,3524,LAMONGAN,8,-,-,3.485,-,-,-,2.271,22,1,-,-,-
,,3525,GRESIK,8,-,-,5.061,-,-,-,4.212,22,1,-,-,-
,,3526,BANGKALAN,1,-,-,8.010,-,-,-,4.233,22,1,-,-,-
,,3527,SAMPANG,1,-,-,22.420,-,-,-,4.174,22,1,-,-,-
,,3528,PAMEKASAN,2,-,-,7.807,-,-,-,2.634,22,1,-,-,-
,,3529,SUMENEP,2,-,-,-,-,-,-,,22,1,-,-,-
,,3573,KOTA MALANG,2,-,-,1.100,-,-,-,241,22,1,-,-,-
,,3575,KOTA PASURUAN,6,1,-,15.189,-,-,-,1.179,22,1,-,-,-
,,3576,KOTA MOJOKERTO,1,-,-,2.156,-,-,-,529,22,1,-,-,-
,,3577,KOTA MADIUN,2,-,-,6.450,-,-,-,115,22,1,-,-,-
,,3578,KOTA SURABAYA,1,-,-,485,-,-,60,,22,1,-,-,-
"Kode
Wilayah
Provinsi","Nama
Provinsi","Kode
Wilayah
Kabupaten
/ Kota","Nama Kabupaten/
Kota","Jumlah
Kejadian",Korban,,,Kerusakan,,,,23,1,,,
,,,,,"Meninggal
& Hilang","Luka /
Sakit","Mengungsi
& Terdampak","Rumah
Rusak
Berat","Rumah
Rusak
Sedang","Rumah
Rusak
Ringan","Rumah
Terendam",23,1,"Fasilitas
Pendidikan","Fasilitas
Peribadatan","Fasilitas
Kesehatan"
,,,,,(jiwa),,,(unit),,,,23,1,,,
(1),(2),(3),(4),(5),(6),(7),(8),(9),(10),(11),(12),23,1,(13),(14),(15)
36,BANTEN,3601,PANDEGLANG,9,1,-,62.939,8,-,22,5.253,23,1,-,-,-
,,3602,LEBAK,6,3,1,12.948,15,9,67,2.638,23,1,-,-,-
,,3603,TANGERANG,1,-,-,6.665,-,-,-,,23,1,-,-,-
,,3604,SERANG,15,-,-,9.382,-,-,-,2.394,23,1,-,-,-
,,3671,KOTA TANGERANG,3,-,-,4.140,-,-,-,1.132,23,1,-,-,-
,,3672,KOTA CILEGON,6,-,-,4.122,-,-,-,995,23,1,-,-,-
,,3673,KOTA SERANG,9,-,-,4.184,-,-,-,339,23,1,-,-,-
,,3674,"KOTA TANGERANG
SELATAN",17,-,-,31.565,-,-,-,1.148,23,1,-,-,-
51,BALI,5106,BANGLI,1,1,-,-,-,-,-,,23,1,-,-,-
,,5107,KARANGASEM,1,-,-,-,-,1,16,,23,1,-,-,-
52,"NUSA
TENGGARA
BARAT",5201,LOMBOK BARAT,2,-,-,820,-,1,-,175,23,1,-,-,-
,,5202,LOMBOK TENGAH,4,-,-,3.444,-,-,-,644,23,1,-,-,-
,,5203,LOMBOK TIMUR,1,-,-,609,-,-,-,,23,1,-,-,-
,,5204,SUMBAWA,7,-,-,12.378,17,2,-,1.229,23,1,-,-,-
,,5205,DOMPU,5,-,9,24.062,2,5,2,20,23,1,-,-,-
,,5206,BIMA,19,-,-,21.680,7,1,-,5.140,23,1,1,-,-
,,5271,KOTA MATARAM,1,-,-,116,-,-,-,,23,1,-,-,-
,,5272,KOTA BIMA,5,-,-,25.031,-,-,-,,23,1,1,-,-
53,"NUSA
TENGGARA
TIMUR",5301,KUPANG,2,-,-,340,-,-,-,91,23,1,-,-,-
,,5302,"TIMOR TENGAH
SELATAN",1,-,-,239,-,-,-,58,23,1,-,-,-
,,5304,BELU,1,1,-,-,-,-,-,,23,1,-,-,-
,,5305,ALOR,1,1,-,-,-,-,-,,23,1,-,-,-
,,5307,SIKKA,1,-,-,842,-,-,20,480,23,1,-,-,-
,,5311,SUMBA TIMUR,1,1,-,-,-,-,-,,23,1,-,-,-
,,5313,LEMBATA,1,-,-,18,1,-,5,1,23,1,-,-,-
,,5315,MANGGARAI BARAT,1,-,-,68,-,6,2,14,23,1,-,-,-
,,5316,NAGEKEO,1,1,-,3,-,-,-,1,23,1,-,-,-
,,5321,MALAKA,2,1,-,20.008,-,-,-,4.295,23,1,-,-,-
,,5371,KOTA KUPANG,1,-,-,986,-,-,-,268,23,1,-,-,-
61,"KALIMANTAN
BARAT",6101,SAMBAS,6,-,-,26.942,-,-,-,5.658,23,1,-,-,-
,,6102,MEMPAWAH,2,-,-,10.157,-,-,-,2.648,23,1,-,-,-
,,6103,SANGGAU,8,-,-,21.832,8,3,8,4.398,23,1,4,-,-
,,6104,KETAPANG,5,-,-,21.378,-,-,-,4.193,23,1,-,-,-
,,6105,SINTANG,4,-,-,78.954,1,-,-,14.981,23,1,-,-,-
"Kode
Wilayah
Provinsi","Nama
Provinsi","Kode
Wilayah
Kabupaten
/ Kota","Nama Kabupaten/
Kota","Jumlah
Kejadian",Korban,,,Kerusakan,,,,24,1,,,
,,,,,"Meninggal
& Hilang","Luka /
Sakit","Mengungsi
& Terdampak","Rumah
Rusak
Berat","Rumah
Rusak
Sedang","Rumah
Rusak
Ringan","Rumah
Terendam",24,1,"Fasilitas
Pendidikan","Fasilitas
Peribadatan","Fasilitas
Kesehatan"
,,,,,(jiwa),,,(unit),,,,24,1,,,
(1),(2),(3),(4),(5),(6),(7),(8),(9),(10),(11),(12),24,1,(13),(14),(15)
,,6106,KAPUAS HULU,2,-,-,80.714,2,-,-,15.145,24,1,-,-,-
,,6107,BENGKAYANG,5,-,-,17.452,1,-,-,3.188,24,1,-,-,-
,,6108,LANDAK,6,1,-,70.790,4,2,-,15.758,24,1,-,-,-
,,6109,SEKADAU,3,-,-,43.397,-,-,-,11.284,24,1,-,-,-
,,6110,MELAWI,7,2,-,48.692,-,-,-,11.557,24,1,-,-,-
,,6112,KUBU RAYA,6,-,-,30.463,-,-,-,6.950,24,1,-,-,-
,,6172,KOTA SINGKAWANG,2,-,-,1.775,-,-,-,337,24,1,-,-,-
62,"KALIMANTAN
TENGAH",6201,"KOTAWARINGIN
BARAT",4,-,-,8.183,-,-,-,1.127,24,1,-,-,-
,,6202,"KOTAWARINGIN
TIMUR",6,-,2,6.336,-,-,-,2.288,24,1,-,-,-
,,6203,KAPUAS,2,-,-,37.697,-,-,-,7.425,24,1,-,-,-
,,6204,BARITO SELATAN,1,-,-,180,-,-,-,36,24,1,-,-,-
,,6205,BARITO UTARA,2,-,-,90.938,-,-,-,19.490,24,1,-,-,-
,,6206,KATINGAN,2,-,-,7.507,-,-,-,1.625,24,1,-,-,-
,,6207,SERUYAN,1,-,-,12.186,-,-,-,2.924,24,1,-,-,-
,,6208,SUKAMARA,4,-,-,2.125,-,-,-,614,24,1,-,-,-
,,6209,LAMANDAU,5,-,-,5.037,-,-,-,739,24,1,-,-,-
,,6210,GUNUNG MAS,2,-,-,2.974,-,-,-,714,24,1,-,-,-
,,6211,PULANG PISAU,3,-,-,12.415,-,-,-,3.056,24,1,-,-,-
,,6212,MURUNG RAYA,3,-,-,83.664,-,-,-,21.026,24,1,-,-,-
,,6271,"KOTA
PALANGKARAYA",4,5,-,62.955,-,-,-,9.588,24,1,-,-,-
63,"KALIMANTAN
SELATAN",6301,TANAH LAUT,1,-,-,1.220,-,-,-,244,24,1,-,-,-
,,6303,BANJAR,1,-,-,750,-,-,-,100,24,1,1,-,-
,,6305,TAPIN,2,-,-,299,-,-,-,107,24,1,-,-,-
,,6307,"HULU SUNGAI
TENGAH",1,-,-,6.340,-,-,-,2.210,24,1,-,-,-
,,6308,HULU SUNGAI UTARA,1,-,-,18.266,-,-,-,5.413,24,1,-,-,-
,,6309,TABALONG,1,-,-,241,-,-,-,90,24,1,-,-,-
,,6310,TANAH BUMBU,6,-,-,22.597,-,-,-,6.239,24,1,-,-,-
,,6311,BALANGAN,2,-,-,395,-,-,-,262,24,1,-,-,-
64,"KALIMANTAN
TIMUR",6401,PASER,3,-,-,1.889,-,-,-,496,24,1,-,-,-
,,6403,BERAU,2,-,-,1.717,1,-,-,512,24,1,-,-,-
,,6407,KUTAI BARAT,5,-,-,36.546,-,-,-,9.690,24,1,-,-,-
,,6409,"PENAJAM PASER
UTARA",9,-,-,3.054,-,-,-,775,24,1,-,-,-
,,6411,MAHAKAM ULU,2,-,-,2.940,55,5,37,14,24,1,-,-,-
,,6471,KOTA BALIKPAPAN,1,-,-,2.810,-,-,-,,24,1,-,-,-
"Kode
Wilayah
Provinsi","Nama
Provinsi","Kode
Wilayah
Kabupaten
/ Kota","Nama Kabupaten/
Kota","Jumlah
Kejadian",Korban,,,Kerusakan,,,,25,1,,,
,,,,,"Meninggal
& Hilang","Luka /
Sakit","Mengungsi
& Terdampak","Rumah
Rusak
Berat","Rumah
Rusak
Sedang","Rumah
Rusak
Ringan","Rumah
Terendam",25,1,"Fasilitas
Pendidikan","Fasilitas
Peribadatan","Fasilitas
Kesehatan"
,,,,,(jiwa),,,(unit),,,,25,1,,,
(1),(2),(3),(4),(5),(6),(7),(8),(9),(10),(11),(12),25,1,(13),(14),(15)
,,6472,KOTA SAMARINDA,7,1,-,2.887,-,-,-,633,25,1,-,-,-
65,"KALIMANTAN
UTARA",6501,BULUNGAN,2,-,-,10.360,777,-,-,1.275,25,1,-,-,-
,,6502,MALINAU,2,-,-,13.652,5,-,-,4.038,25,1,-,-,-
,,6503,NUNUKAN,1,-,-,696,-,-,-,238,25,1,-,-,-
71,"SULAWESI
UTARA",7101,"BOLAANG
MONGONDOW",4,-,-,9.207,2,-,-,2.930,25,1,-,-,-
,,7102,MINAHASA,3,-,-,5.902,-,-,-,901,25,1,-,-,-
,,7103,"KEPULAUAN
SANGIHE",1,-,-,536,-,3,2,,25,1,-,-,-
,,7104,KEPULAUAN TALAUD,1,-,-,110,-,-,-,,25,1,-,-,-
,,7106,MINAHASA UTARA,1,-,-,7.950,28,33,206,1.622,25,1,1,-,-
,,7108,"BOLAANG
MONGONDOW
UTARA",3,-,-,2.924,-,-,-,774,25,1,-,-,-
,,7111,"BOLAANG
MONGONDOW
SELATAN",1,-,-,7.788,-,-,-,2.259,25,1,-,-,-
,,7171,KOTA MANADO,1,-,-,414,-,-,-,259,25,1,-,-,-
,,7172,KOTA BITUNG,2,1,3,14.545,50,120,27,4.688,25,1,-,-,-
72,"SULAWESI
TENGAH",7201,BANGGAI,10,-,-,4.822,1,-,10,531,25,1,-,-,-
,,7202,POSO,10,-,-,5.135,1,4,2,969,25,1,-,-,-
,,7203,DONGGALA,11,-,-,7.914,14,-,-,1.896,25,1,2,2,1
,,7204,TOLI TOLI,3,-,-,555,-,-,3,116,25,1,-,-,-
,,7205,BUOL,5,1,-,7.275,55,221,253,1.482,25,1,-,-,-
,,7206,MOROWALI,6,-,1,1.225,-,6,1,161,25,1,-,-,-
,,7207,"BANGGAI
KEPULAUAN",1,-,-,120,-,-,-,24,25,1,-,-,-
,,7208,PARIGI MOUTONG,14,1,-,12.481,68,8,16,2.151,25,1,-,-,-
,,7209,TOJO UNA UNA,4,1,-,11.489,6,7,-,2.429,25,1,-,-,-
,,7210,SIGI,8,3,1,1.578,-,-,-,241,25,1,-,-,-
,,7211,BANGGAI LAUT,3,-,-,3.820,-,-,-,740,25,1,-,-,-
,,7212,MOROWALI UTARA,7,-,-,9.353,-,-,-,1.115,25,1,-,-,-
,,7271,KOTA PALU,3,-,-,1.720,-,-,-,265,25,1,-,-,-
73,"SULAWESI
SELATAN",7301,"KEPULAUAN
SELAYAR",1,-,-,1.135,-,-,-,168,25,1,-,-,-
,,7302,BULUKUMBA,1,-,-,1.613,-,-,-,243,25,1,-,-,-
,,7305,TAKALAR,1,-,-,-,-,-,-,,25,1,-,-,-
,,7306,GOWA,2,-,-,1.297,-,-,-,229,25,1,-,-,-
,,7307,SINJAI,1,-,-,118,2,1,-,38,25,1,-,1,-
,,7308,BONE,4,-,-,1.379,-,1,-,280,25,1,-,-,-
"Kode
Wilayah
Provinsi","Nama
Provinsi","Kode
Wilayah
Kabupaten
/ Kota","Nama Kabupaten/
Kota","Jumlah
Kejadian",Korban,,,Kerusakan,,,,26,1,,,
,,,,,"Meninggal
& Hilang","Luka /
Sakit","Mengungsi
& Terdampak","Rumah
Rusak
Berat","Rumah
Rusak
Sedang","Rumah
Rusak
Ringan","Rumah
Terendam",26,1,"Fasilitas
Pendidikan","Fasilitas
Peribadatan","Fasilitas
Kesehatan"
,,,,,(jiwa),,,(unit),,,,26,1,,,
(1),(2),(3),(4),(5),(6),(7),(8),(9),(10),(11),(12),26,1,(13),(14),(15)
,,7309,MAROS,1,-,-,193.102,-,-,-,,26,1,-,-,-
,,7310,"PANGKAJENE DAN
KEPULAUAN",1,-,-,93.876,-,-,-,1.123,26,1,-,-,-
,,7311,BARRU,1,1,-,66.913,-,-,-,285,26,1,-,-,-
,,7312,SOPPENG,2,1,-,31.256,13,-,-,1.310,26,1,-,-,-
,,7313,WAJO,6,1,-,85.879,14,-,11,24.825,26,1,2,-,-
,,7314,"SIDENRENG
RAPPANG",6,2,2,30.309,14,20,14,7.885,26,1,-,-,-
,,7315,PINRANG,8,-,-,12.717,2,-,-,3.123,26,1,-,-,-
,,7316,ENREKANG,3,-,-,9.366,7,-,-,1.142,26,1,-,-,-
,,7317,LUWU,20,5,61,41.048,108,46,118,7.607,26,1,-,-,-
,,7322,LUWU UTARA,18,-,-,109.084,1,1,-,24.759,26,1,-,-,-
,,7324,LUWU TIMUR,2,-,-,500,-,-,-,108,26,1,-,-,-
,,7371,KOTA MAKASSAR,3,-,-,65.000,-,-,-,16.580,26,1,-,-,-
,,7372,KOTA PAREPARE,2,-,-,1.035,4,-,-,294,26,1,-,-,-
,,7373,KOTA PALOPO,8,-,-,16.435,-,-,-,3.167,26,1,-,-,-
74,"SULAWESI
TENGGARA",7401,KOLAKA,1,-,-,6.315,-,-,-,1.263,26,1,-,-,-
,,7402,KONAWE,4,-,-,3.095,-,-,-,344,26,1,-,-,-
,,7405,KONAWE SELATAN,2,-,-,735,-,-,-,148,26,1,-,-,-
,,7406,BOMBANA,1,-,-,40,-,-,-,8,26,1,-,-,-
,,7409,KONAWE UTARA,2,-,-,5.280,1,-,-,1.426,26,1,-,-,-
,,7410,BUTON UTARA,3,-,-,3.240,-,-,-,724,26,1,-,-,-
,,7413,MUNA BARAT,1,-,-,275,-,-,-,,26,1,-,-,-
,,7471,KOTA KENDARI,3,2,1,16.835,-,-,-,3.304,26,1,-,-,-
75,GORONTALO,7501,GORONTALO,4,-,-,51.117,-,-,-,7.962,26,1,-,-,-
,,7502,BOALEMO,6,-,-,3.588,-,-,-,760,26,1,-,-,-
,,7503,BONE BOLANGO,8,1,-,15.330,37,-,56,3.086,26,1,-,1,-
,,7504,POHUWATO,5,-,-,14.440,-,-,-,4.370,26,1,-,-,-
,,7505,GORONTALO UTARA,5,-,-,17.609,3,-,20,5.459,26,1,-,-,-
,,7571,KOTA GORONTALO,3,1,227,56.629,-,-,-,6.799,26,1,-,-,-
76,"SULAWESI
BARAT",7602,MAMUJU,5,-,-,7.155,1,-,-,1.107,26,1,-,-,-
,,7604,POLEWALI MANDAR,1,-,-,2.440,-,-,-,488,26,1,-,-,-
,,7606,MAMUJU TENGAH,9,-,-,6.677,-,-,5,1.154,26,1,-,-,-
81,MALUKU,8101,MALUKU TENGAH,6,-,-,4.643,5,3,5,965,26,1,-,-,-
,,8102,MALUKU TENGGARA,2,-,-,758,-,-,-,198,26,1,-,-,-
,,8104,BURU,1,-,-,11.481,-,-,1,1.564,26,1,-,-,-
,,8105,"SERAM BAGIAN
TIMUR",2,-,-,411,-,2,20,96,26,1,-,-,-
"Kode
Wilayah
Provinsi","Nama
Provinsi","Kode
Wilayah
Kabupaten
/ Kota","Nama Kabupaten/
Kota","Jumlah
Kejadian",Korban,,,Kerusakan,,,,27,1,,,
,,,,,"Meninggal
& Hilang","Luka /
Sakit","Mengungsi
& Terdampak","Rumah
Rusak
Berat","Rumah
Rusak
Sedang","Rumah
Rusak
Ringan","Rumah
Terendam",27,1,"Fasilitas
Pendidikan","Fasilitas
Peribadatan","Fasilitas
Kesehatan"
,,,,,(jiwa),,,(unit),,,,27,1,,,
(1),(2),(3),(4),(5),(6),(7),(8),(9),(10),(11),(12),27,1,(13),(14),(15)
,,8106,"SERAM BAGIAN
BARAT",5,-,-,3.880,-,-,-,747,27,1,-,-,-
,,8107,KEPULAUAN ARU,1,-,-,450,-,-,11,161,27,1,1,1,-
,,8109,BURU SELATAN,1,-,-,520,-,-,-,104,27,1,-,-,-
82,"MALUKU
UTARA",8201,HALMAHERA BARAT,3,1,1,690,-,4,-,138,27,1,-,-,-
,,8202,"HALMAHERA
TENGAH",7,-,-,6.996,-,-,-,966,27,1,-,-,-
,,8203,HALMAHERA UTARA,1,-,-,3.740,-,-,-,748,27,1,-,-,-
,,8204,"HALMAHERA
SELATAN",5,1,-,14.498,27,6,17,992,27,1,-,-,-
,,8206,HALMAHERA TIMUR,8,-,-,5176,12,-,-,1027,27,1,-,-,-
,,8207,PULAU MOROTAI,2,-,-,1899,-,-,-,430,27,1,-,-,-
,,8208,PULAU TALIABU,4,-,-,905,-,-,-,155,27,1,-,-,-
,,8271,KOTA TERNATE,1,20,15,1000,19,-,21,39,27,1,-,1,-
,,8272,"KOTA TIDORE
KEPULAUAN",9,-,-,1362,1,-,82,486,27,1,-,-,-
91,P A P U A,9103,JAYAPURA,3,1,-,2720,-,-,-,692,27,1,-,1,-
,,9105,KEPULAUAN YAPEN,3,-,-,2751,1,-,266,329,27,1,3,2,-
,,9111,KEEROM,3,-,-,206,-,-,-,38,27,1,-,-,-
,,9115,WAROPEN,3,-,-,633,-,-,-,137,27,1,1,3,-
,,9120,MAMBERAMO RAYA,1,-,-,531,-,-,-,257,27,1,-,-,-
,,9171,KOTA JAYAPURA,2,-,-,465,-,-,1,100,27,1,-,-,-
92,"PAPUA
BARAT",9202,MANOKWARI,7,-,-,3705,-,-,59,298,27,1,-,3,-
,,9206,TELUK BINTUNI,4,-,-,5405,-,-,-,1100,27,1,-,-,-
,,9207,TELUK WONDAMA,1,-,,2278,-,-,-,,27,1,-,-,-
,,9211,"MANOKWARI
SELATAN",3,-,-,1366,-,-,-,293,27,1,-,-,-
93,"PAPUA
SELATAN",9301,MERAUKE,2,-,-,3010,-,6,836,54,27,1,-,-,-
94,"PAPUA
TENGAH",9402,PUNCAK JAYA,1,2,2,4,-,-,-,,27,1,-,-,-
,,9404,MIMIKA,2,7,-,5353,-,-,-,495,27,1,-,-,-
,,9406,DOGIYAI,1,5,1,-,-,-,-,,27,1,-,-,-
,,9407,INTAN JAYA,1,5,1,-,-,-,-,,27,1,-,-,-
96,"PAPUA
BARAT DAYA",9601,SORONG,2,-,-,5745,2,-,-,3000,27,1,-,-,-
,,9671,KOTA SORONG,2,-,-,9214,19,-,19,3441,27,1,-,-,-
,,,,,,,,,,,,27,1,,,
"Kode
Wilayah
Provinsi",Nama Provinsi,"Jumlah
Kejadian",Korban,,,Kerusakan,,,,,,28,1,,,
,,,"Meninggal
& Hilang","Luka /
Sakit","Mengungsi
& Terdampak","Rumah
Rusak
Berat","Rumah
Rusak
Sedang","Rumah
Rusak
Ringan","Fasilitas
Pendidikan","Fasilitas
Peribadatan","Fasilitas
Kesehatan",28,1,,,
,,,(jiwa),,,(unit),,,,,,28,1,,,
(1),(2),(3),(4),(5),(6),(7),(8),(9),(10),(11),(12),28,1,,,
11,ACEH,14,2,1,777,44,38,130,2,-,-,28,1,,,
12,SUMATERA UTARA,43,7,23,2.804,147,222,405,12,4,-,28,1,,,
13,SUMATERA BARAT,10,3,1,315,25,34,105,-,-,-,28,1,,,
14,RIAU,2,-,-,518,6,4,50,2,3,-,28,1,,,
15,JAMBI,7,-,5,270,32,31,235,3,1,-,28,1,,,
16,"SUMATERA
SELATAN",9,-,3,1.196,33,22,160,-,-,-,28,1,,,
17,BENGKULU,3,-,-,490,,27,,-,-,-,28,1,,,
18,LAMPUNG,24,-,9,4.322,73,189,348,1,1,1,28,1,,,
19,"KEPULAUAN
BANGKA BELITUNG",3,-,2,245,,,39,-,-,-,28,1,,,
21,KEPULAUAN RIAU,16,4,5,2.964,49,114,696,-,-,-,28,1,,,
31,DKI JAKARTA,5,3,2,106,,20,16,-,-,-,28,1,,,
32,JAWA BARAT,193,3,68,25.175,653,1.443,5.024,5,8,1,28,1,,,
33,JAWA TENGAH,71,2,15,16.067,126,537,1.698,212,12,1,28,1,,,
34,"DAERAH ISTIMEWA
YOGYAKARTA",38,3,8,1.500,18,94,1.598,20,16,2,28,1,,,
35,JAWA TIMUR,141,9,44,13.170,135,371,3.975,27,17,2,28,1,,,
36,BANTEN,17,3,4,1.659,37,94,411,-,1,-,28,1,,,
51,BALI,17,7,12,7,62,69,137,1,3,-,28,1,,,
52,"NUSA TENGGARA
BARAT",17,2,1,2.581,107,161,436,2,1,1,28,1,,,
53,"NUSA TENGGARA
TIMUR",13,3,6,1.440,86,63,193,4,5,2,28,1,,,
61,"KALIMANTAN
BARAT",3,1,2,175,9,2,13,-,-,-,28,1,,,
63,"KALIMANTAN
SELATAN",4,-,-,103,9,8,16,-,1,-,28,1,,,
64,"KALIMANTAN
TIMUR",4,-,-,347,56,-,40,-,1,-,28,1,,,
71,SULAWESI UTARA,3,-,-,337,4,,32,-,-,-,28,1,,,
72,SULAWESI TENGAH,4,-,-,523,9,2,16,-,-,-,28,1,,,
73,"SULAWESI
SELATAN",45,11,10,3.275,181,163,512,5,-,-,28,1,,,
74,"SULAWESI
TENGGARA",3,-,2,269,19,17,51,-,-,-,28,1,,,
75,GORONTALO,1,-,-,33,9,,1,-,-,-,28,1,,,
76,SULAWESI BARAT,4,1,2,185,5,11,30,1,-,-,28,1,,,
81,MALUKU,11,3,3,1.225,63,80,150,-,1,-,28,1,,,
82,MALUKU UTARA,6,-,9,377,5,5,17,-,-,-,28,1,,,
91,P A P U A,2,1,-,31,,,6,-,-,-,28,1,,,
"Kode
Wilayah
Provinsi","Nama
Provinsi","Kode
Wilayah
Kabupaten /
Kota","Nama Kabupaten
/ Kota","Jumlah
Kejadian",Korban,,,Kerusakan,,,,29,1,,,
,,,,,"Meninggal
& Hilang","Luka /
Sakit","Mengungsi &
Terdampak","Rumah
Rusak
Berat","Rumah
Rusak
Sedang","Rumah
Rusak
Ringan","Fasilitas
Pendidikan",29,1,"Fasilitas
Peribadatan","Fasilitas
Kesehatan",
,,,,,(jiwa),,,(unit),,,,29,1,,,
(1),(2),(3),(4),(5),(6),(7),(8),(9),(10),(11),(12),29,1,(13),(14),
11,ACEH,1102,ACEH TENGGARA,1,-,-,41,4,4,5,-,29,1,-,-,
,,1103,ACEH TIMUR,1,-,-,378,12,19,43,-,29,1,-,-,
,,1104,ACEH TENGAH,1,-,-,25,-,-,5,-,29,1,-,-,
,,1105,ACEH BARAT,1,1,-,10,-,-,-,-,29,1,-,-,
,,1106,ACEH BESAR,1,-,-,17,2,1,1,1,29,1,-,-,
,,1108,ACEH UTARA,2,-,-,91,14,-,53,-,29,1,-,-,
,,1111,BIREUEN,2,-,-,36,6,5,3,-,29,1,-,-,
,,1112,ACEH BARAT DAYA,1,-,-,95,-,-,11,-,29,1,-,-,
,,1114,ACEH JAYA,2,-,-,50,5,3,9,-,29,1,-,-,
,,1118,PIDIE JAYA,1,-,-,30,-,6,-,-,29,1,-,-,
,,1171,KOTA BANDA ACEH,1,1,1,4,1,-,-,1,29,1,-,-,
12,"SUMATERA
UTARA",1202,TAPANULI UTARA,2,1,10,-,10,-,-,-,29,1,-,-,
,,1203,TAPANULI SELATAN,1,1,2,1,1,-,-,-,29,1,-,-,
,,1207,DELI SERDANG,15,2,4,1.216,66,128,134,4,29,1,3,-,
,,1208,SIMALUNGUN,5,-,1,140,13,10,136,-,29,1,-,-,
,,1210,LABUHANBATU,1,2,,8,-,-,-,-,29,1,-,-,
,,1211,DAIRI,1,-,,48,5,3,4,-,29,1,-,-,
,,1212,TOBA,1,-,,20,-,-,6,-,29,1,-,-,
,,1213,"MANDAILING
NATAL",1,-,1,-,10,-,-,-,29,1,-,-,
,,1216,"HUMBANG
HASUNDUTAN",1,-,,5,-,-,1,5,29,1,-,-,
,,1217,SAMOSIR,1,1,5,-,-,-,-,-,29,1,1,-,
,,1218,SERDANG BEDAGAI,3,-,-,174,6,-,12,-,29,1,-,-,
,,1219,BATU BARA,2,-,,60,8,-,2,3,29,1,-,-,
,,1221,PADANG LAWAS,1,-,,660,3,13,67,-,29,1,-,-,
,,1223,"LABUHANBATU
UTARA",2,-,,187,9,27,23,-,29,1,-,-,
,,1271,KOTA MEDAN,3,-,-,201,-,33,15,-,29,1,-,-,
,,1272,"KOTA
PEMATANGSIANTAR",2,-,,60,16,3,4,-,29,1,-,-,
,,1275,KOTA BINJAI,1,-,,24,-,5,1,-,29,1,-,-,
13,"SUMATERA
BARAT",1302,SOLOK,1,-,,-,-,-,16,-,29,1,-,-,
,,1305,PADANG PARIAMAN,1,-,,-,-,-,5,-,29,1,-,-,
,,1306,AGAM,2,1,,-,-,-,10,-,29,1,-,-,
,,1310,DHARMASRAYA,1,1,,-,-,-,-,-,29,1,-,-,
,,1311,SOLOK SELATAN,3,-,,-,11,20,16,-,29,1,-,-,
,,1312,PASAMAN BARAT,1,1,,-,-,-,-,-,29,1,-,-,
,,1376,KOTA PAYAKUMBUH,1,-,1,315,14,14,58,-,29,1,-,-,
"Kode
Wilayah
Provinsi","Nama
Provinsi","Kode
Wilayah
Kabupaten /
Kota","Nama Kabupaten
/ Kota","Jumlah
Kejadian",Korban,,,Kerusakan,,,,30,1,,,
,,,,,"Meninggal
& Hilang","Luka /
Sakit","Mengungsi &
Terdampak","Rumah
Rusak
Berat","Rumah
Rusak
Sedang","Rumah
Rusak
Ringan","Fasilitas
Pendidikan",30,1,"Fasilitas
Peribadatan","Fasilitas
Kesehatan",
,,,,,(jiwa),,,(unit),,,,30,1,,,
(1),(2),(3),(4),(5),(6),(7),(8),(9),(10),(11),(12),30,1,(13),(14),
14,RIAU,1401,KAMPAR,2,-,-,518,6,4,50,2,30,1,3,-,
15,JAMBI,1501,KERINCI,1,-,-,-,6,-,37,-,30,1,-,-,
,,1502,MERANGIN,2,-,-,187,-,-,146,-,30,1,1,-,
,,1504,BATANGHARI,1,-,5,6,18,20,44,3,30,1,-,-,
,,1505,MUARO JAMBI,1,-,-,-,1,8,-,-,30,1,-,-,
,,1506,"TANJUNG JABUNG
BARAT",1,-,-,30,2,-,6,-,30,1,-,-,
,,1507,"TANJUNG JABUNG
TIMUR",1,-,-,47,5,3,2,-,30,1,-,-,
16,"SUMATERA
SELATAN",1601,"OGAN KOMERING
ULU",1,-,-,340,-,1,67,-,30,1,-,-,
,,1602,"OGAN KOMERING
ILIR",1,-,-,85,17,-,-,-,30,1,-,-,
,,1603,MUARA ENIM,2,-,3,375,8,-,64,-,30,1,-,-,
,,1607,BANYUASIN,3,-,-,311,6,21,-,-,30,1,-,-,
,,1673,"KOTA LUBUK
LINGGAU",1,-,-,25,2,-,3,-,30,1,-,-,
,,1674,KOTA PRABUMULIH,1,-,-,60,-,-,26,-,30,1,-,-,
17,BENGKULU,1703,BENGKULU UTARA,2,-,-,-,-,27,-,-,30,1,-,-,
,,1771,KOTA BENGKULU,1,-,-,490,-,-,-,-,30,1,-,-,
18,LAMPUNG,1801,LAMPUNG SELATAN,5,-,8,1.165,18,87,130,-,30,1,1,1,
,,1805,TULANG BAWANG,6,-,-,1.387,1,41,60,-,30,1,-,-,
,,1806,TANGGAMUS,1,-,-,25,-,5,-,-,30,1,-,-,
,,1807,LAMPUNG TIMUR,6,-,-,860,19,50,36,1,30,1,-,-,
,,1808,WAY KANAN,2,-,-,610,28,-,74,-,30,1,-,-,
,,1809,PESAWARAN,4,-,1,275,7,6,48,-,30,1,-,-,
19,"KEPULAUAN
BANGKA
BELITUNG",1903,BANGKA SELATAN,1,-,-,57,-,-,-,-,30,1,-,-,
,,1904,BANGKA TENGAH,1,-,2,70,-,-,-,-,30,1,-,-,
,,1971,"KOTA PANGKAL
PINANG",1,-,-,118,-,-,39,-,30,1,-,-,
21,"KEPULAUAN
RIAU",2101,BINTAN,4,1,2,1.583,6,14,451,-,30,1,-,-,
,,2102,KARIMUN,3,-,-,638,-,24,224,-,30,1,-,-,
,,2103,NATUNA,3,-,-,95,9,9,6,-,30,1,-,-,
,,2171,KOTA BATAM,4,2,3,393,34,47,15,-,30,1,-,-,
,,2172,"KOTA TANJUNG
PINANG",2,1,-,255,-,20,-,-,30,1,-,-,
31,DKI JAKARTA,3174,"KOTA ADM.
JAKARTA SELATAN",3,3,1,39,-,5,9,-,30,1,-,-,
,,3175,"KOTA ADM.
JAKARTA TIMUR",2,-,1,67,-,15,7,-,30,1,-,-,
"Kode
Wilayah
Provinsi","Nama
Provinsi","Kode
Wilayah
Kabupaten /
Kota","Nama Kabupaten
/ Kota","Jumlah
Kejadian",Korban,,,Kerusakan,,,,31,1,,,
,,,,,"Meninggal
& Hilang","Luka /
Sakit","Mengungsi &
Terdampak","Rumah
Rusak
Berat","Rumah
Rusak
Sedang","Rumah
Rusak
Ringan","Fasilitas
Pendidikan",31,1,"Fasilitas
Peribadatan","Fasilitas
Kesehatan",
,,,,,(jiwa),,,(unit),,,,31,1,,,
(1),(2),(3),(4),(5),(6),(7),(8),(9),(10),(11),(12),31,1,(13),(14),
32,JAWA BARAT,3201,BOGOR,83,2,13,7.259,122,446,1.211,2,31,1,2,-,
,,3202,SUKABUMI,14,-,1,2.069,128,68,430,-,31,1,-,-,
,,3203,CIANJUR,6,-,-,721,22,8,195,-,31,1,-,-,
,,3204,BANDUNG,10,-,24,3.139,217,254,336,2,31,1,2,1,
,,3205,GARUT,3,-,-,119,1,5,34,-,31,1,-,-,
,,3206,TASIKMALAYA,4,-,,193,-,15,40,-,31,1,-,-,
,,3207,CIAMIS,12,-,-,901,5,25,283,-,31,1,-,-,
,,3208,KUNINGAN,1,-,,38,1,-,12,-,31,1,-,-,
,,3209,CIREBON,2,-,-,172,10,-,33,-,31,1,-,-,
,,3210,MAJALENGKA,2,1,1,66,1,7,42,-,31,1,-,-,
,,3211,SUMEDANG,2,-,25,2.637,-,213,466,-,31,1,-,-,
,,3212,INDRAMAYU,3,-,3,2.230,20,73,299,1,31,1,1,-,
,,3213,SUBANG,1,-,-,100,12,-,12,-,31,1,-,-,
,,3214,PURWAKARTA,3,-,,81,-,3,494,-,31,1,-,-,
,,3215,KARAWANG,14,-,-,2.020,61,153,404,-,31,1,-,-,
,,3216,BEKASI,2,-,-,490,-,-,98,-,31,1,-,-,
,,3217,BANDUNG BARAT,13,-,1,1.364,27,75,363,-,31,1,2,-,
,,3218,PANGANDARAN,3,-,,107,1,10,9,-,31,1,-,-,
,,3271,KOTA BOGOR,8,-,-,459,8,37,64,-,31,1,-,-,
,,3272,KOTA SUKABUMI,4,-,-,804,9,28,176,-,31,1,1,-,
,,3277,KOTA CIMAHI,1,-,,69,1,6,8,-,31,1,-,-,
,,3278,KOTA TASIKMALAYA,3,-,,137,7,17,15,-,31,1,-,-,
33,"JAWA
TENGAH",3301,CILACAP,7,-,-,700,2,4,136,-,31,1,-,-,
,,3302,BANYUMAS,7,-,1,1.795,11,7,246,-,31,1,4,-,
,,3303,PURBALINGGA,1,-,-,115,2,-,21,-,31,1,-,-,
,,3304,BANJARNEGARA,1,-,-,113,-,-,62,-,31,1,-,-,
,,3305,KEBUMEN,4,-,-,235,-,-,13,-,31,1,-,-,
,,3307,WONOSOBO,3,1,-,435,3,4,24,-,31,1,-,-,
,,3308,MAGELANG,1,-,-,50,-,-,-,-,31,1,-,-,
,,3309,BOYOLALI,2,-,1,51,5,32,19,-,31,1,-,-,
,,3310,KLATEN,6,-,4,1.317,3,50,265,3,31,1,6,-,
,,3311,SUKOHARJO,1,-,-,285,-,5,52,-,31,1,-,-,
,,3312,WONOGIRI,1,-,-,165,-,-,-,-,31,1,-,-,
,,3313,KARANGANYAR,4,-,-,310,-,17,19,-,31,1,-,-,
,,3314,SRAGEN,2,-,-,232,-,-,41,-,31,1,-,-,
,,3315,GROBOGAN,4,-,1,5.630,50,353,164,-,31,1,-,-,
,,3316,BLORA,2,-,-,160,1,7,12,-,31,1,-,-,
,,3317,REMBANG,1,-,1,60,-,-,12,-,31,1,-,-,
,,3318,PATI,2,-,-,410,7,2,74,3,31,1,-,-,
"Kode
Wilayah
Provinsi","Nama
Provinsi","Kode
Wilayah
Kabupaten /
Kota","Nama Kabupaten
/ Kota","Jumlah
Kejadian",Korban,,,Kerusakan,,,,32,1,,,
,,,,,"Meninggal
& Hilang","Luka /
Sakit","Mengungsi &
Terdampak","Rumah
Rusak
Berat","Rumah
Rusak
Sedang","Rumah
Rusak
Ringan","Fasilitas
Pendidikan",32,1,"Fasilitas
Peribadatan","Fasilitas
Kesehatan",
,,,,,(jiwa),,,(unit),,,,32,1,,,
(1),(2),(3),(4),(5),(6),(7),(8),(9),(10),(11),(12),32,1,(13),(14),
,,3319,KUDUS,1,-,-,50,-,-,10,-,32,1,-,-,
,,3320,JEPARA,4,-,-,1.110,-,14,208,-,32,1,-,-,
,,3321,DEMAK,3,-,1,455,25,-,56,1,32,1,-,-,
,,3322,SEMARANG,1,-,-,24,-,2,4,-,32,1,-,-,
,,3323,TEMANGGUNG,1,-,-,176,1,9,41,-,32,1,-,-,
,,3324,KENDAL,2,-,-,275,-,-,15,-,32,1,1,-,
,,3326,PEKALONGAN,1,-,-,25,-,1,3,1,32,1,-,-,
,,3328,TEGAL,4,-,-,1.333,-,14,128,203,32,1,1,1,
,,3329,BREBES,1,-,-,175,-,4,31,-,32,1,-,-,
,,3372,KOTA SURAKARTA,3,1,6,361,16,9,41,-,32,1,-,-,
,,3376,KOTA TEGAL,1,-,-,20,-,3,1,1,32,1,-,-,
34,"DAERAH
ISTIMEWA
YOGYAKARTA",3401,KULON PROGO,6,-,,14,1,8,139,5,32,1,1,1,
,,3402,BANTUL,8,1,2,430,1,6,98,3,32,1,3,-,
,,3403,GUNUNGKIDUL,11,1,3,-,7,21,870,4,32,1,4,-,
,,3404,SLEMAN,13,1,3,1.056,9,59,491,8,32,1,8,1,
35,JAWA TIMUR,3501,PACITAN,2,1,1,32,-,-,18,-,32,1,-,-,
,,3502,PONOROGO,1,-,-,20,-,-,4,-,32,1,1,-,
,,3503,TRENGGALEK,3,1,1,176,1,-,45,-,32,1,-,-,
,,3504,TULUNGAGUNG,7,-,-,1.045,1,-,294,-,32,1,1,-,
,,3505,BLITAR,9,1,1,1.425,7,5,190,1,32,1,-,-,
,,3506,KEDIRI,2,-,-,-,1,1,135,1,32,1,-,-,
,,3507,MALANG,9,-,-,255,2,13,120,1,32,1,-,-,
,,3508,LUMAJANG,5,-,-,205,-,1,96,-,32,1,-,-,
,,3509,JEMBER,10,1,6,555,6,8,109,2,32,1,1,-,
,,3510,BANYUWANGI,2,-,-,230,5,5,93,-,32,1,-,-,
,,3511,BONDOWOSO,7,-,19,1.740,18,104,310,8,32,1,3,-,
,,3512,SITUBONDO,1,-,-,25,2,-,3,-,32,1,-,-,
,,3513,PROBOLINGGO,1,-,-,-,-,-,11,-,32,1,-,-,
,,3514,PASURUAN,6,1,-,55,-,-,121,-,32,1,1,-,
,,3515,SIDOARJO,9,1,2,1.415,-,-,467,1,32,1,-,-,
,,3516,MOJOKERTO,5,-,-,60,20,43,27,-,32,1,-,-,
,,3517,JOMBANG,8,-,2,51,1,10,99,1,32,1,-,-,
,,3518,NGANJUK,1,-,-,55,-,2,9,-,32,1,-,-,
,,3519,MADIUN,3,-,1,210,4,2,111,-,32,1,3,-,
,,3520,MAGETAN,4,1,1,705,-,95,48,1,32,1,-,-,
,,3521,NGAWI,2,1,1,-,-,-,5,-,32,1,-,-,
,,3522,BOJONEGORO,5,-,-,735,9,1,179,-,32,1,-,1,
"Kode
Wilayah
Provinsi","Nama
Provinsi","Kode
Wilayah
Kabupaten /
Kota","Nama Kabupaten
/ Kota","Jumlah
Kejadian",Korban,,,Kerusakan,,,,33,1,,,
,,,,,"Meninggal
& Hilang","Luka /
Sakit","Mengungsi &
Terdampak","Rumah
Rusak
Berat","Rumah
Rusak
Sedang","Rumah
Rusak
Ringan","Fasilitas
Pendidikan",33,1,"Fasilitas
Peribadatan","Fasilitas
Kesehatan",
,,,,,(jiwa),,,(unit),,,,33,1,,,
(1),(2),(3),(4),(5),(6),(7),(8),(9),(10),(11),(12),33,1,(13),(14),
,,3523,TUBAN,2,-,-,110,-,3,30,-,33,1,-,-,
,,3524,LAMONGAN,5,-,2,540,11,12,100,3,33,1,1,-,
,,3525,GRESIK,5,1,1,660,1,7,205,-,33,1,1,-,
,,3526,BANGKALAN,1,-,-,190,-,3,56,2,33,1,3,-,
,,3527,SAMPANG,4,-,-,30,11,11,71,-,33,1,-,-,
,,3528,PAMEKASAN,14,-,5,2.339,13,41,764,6,33,1,2,1,
,,3529,SUMENEP,2,-,-,75,-,-,85,-,33,1,-,-,
,,3571,KOTA KEDIRI,1,-,-,192,20,3,25,-,33,1,-,-,
,,3572,KOTA BLITAR,1,-,-,-,-,-,5,-,33,1,-,-,
,,3575,KOTA PASURUAN,2,-,-,-,2,-,38,-,33,1,-,-,
,,3577,KOTA MADIUN,1,-,1,40,-,1,7,-,33,1,-,-,
,,3578,KOTA SURABAYA,1,-,-,-,-,-,95,-,33,1,-,-,
36,BANTEN,3601,PANDEGLANG,5,1,4,1.047,20,41,101,-,33,1,-,-,
,,3602,LEBAK,2,2,-,35,2,-,5,-,33,1,-,-,
,,3604,SERANG,2,-,-,449,6,37,65,-,33,1,1,-,
,,3673,KOTA SERANG,8,-,-,128,9,16,240,-,33,1,-,-,
51,BALI,5101,JEMBRANA,4,2,11,-,5,28,78,-,33,1,-,-,
,,5102,TABANAN,1,1,-,-,-,-,-,-,33,1,-,-,
,,5103,BADUNG,4,1,-,-,32,18,49,-,33,1,1,-,
,,5104,GIANYAR,1,2,1,-,-,1,-,-,33,1,-,-,
,,5105,KLUNGKUNG,2,-,-,7,19,-,-,-,33,1,-,-,
,,5107,KARANGASEM,1,-,-,-,2,4,5,-,33,1,-,-,
,,5108,BULELENG,4,1,-,-,4,18,5,1,33,1,2,-,
52,"NUSA
TENGGARA
BARAT",5201,LOMBOK BARAT,6,-,-,1.230,52,111,211,-,33,1,-,-,
,,5202,LOMBOK TENGAH,6,1,1,600,31,43,106,-,33,1,-,-,
,,5203,LOMBOK TIMUR,1,1,-,-,-,3,-,-,33,1,-,-,
,,5204,SUMBAWA,2,-,-,239,5,3,59,1,33,1,-,-,
,,5206,BIMA,1,-,-,472,19,-,51,1,33,1,1,1,
,,5207,SUMBAWA BARAT,1,-,-,40,-,1,9,-,33,1,-,-,
53,"NUSA
TENGGARA
TIMUR",5301,KUPANG,3,1,-,140,4,7,15,1,33,1,-,-,
,,5303,"TIMOR TENGAH
UTARA",1,-,-,550,22,27,70,2,33,1,3,-,
,,5304,BELU,1,-,-,64,6,-,11,-,33,1,1,-,
,,5305,ALOR,1,-,5,163,25,-,16,-,33,1,-,-,
,,5306,FLORES TIMUR,1,-,1,66,22,-,-,-,33,1,-,1,
,,5308,ENDE,1,-,-,36,-,6,3,-,33,1,-,-,
"Kode
Wilayah
Provinsi","Nama
Provinsi","Kode
Wilayah
Kabupaten /
Kota","Nama Kabupaten
/ Kota","Jumlah
Kejadian",Korban,,,Kerusakan,,,,34,1,,,
,,,,,"Meninggal
& Hilang","Luka /
Sakit","Mengungsi &
Terdampak","Rumah
Rusak
Berat","Rumah
Rusak
Sedang","Rumah
Rusak
Ringan","Fasilitas
Pendidikan",34,1,"Fasilitas
Peribadatan","Fasilitas
Kesehatan",
,,,,,(jiwa),,,(unit),,,,34,1,,,
(1),(2),(3),(4),(5),(6),(7),(8),(9),(10),(11),(12),34,1,(13),(14),
,,5309,NGADA,1,-,-,105,6,20,-,-,34,1,-,1,
,,5310,MANGGARAI,1,-,-,228,-,-,61,-,34,1,-,-,
,,5314,ROTE NDAO,1,2,-,7,-,-,2,-,34,1,-,-,
,,5318,"SUMBA BARAT
DAYA",1,-,-,20,1,2,2,1,34,1,1,-,
,,5371,KOTA KUPANG,1,-,-,61,-,1,13,-,34,1,-,-,
61,"KALIMANTAN
BARAT",6112,KUBU RAYA,2,1,2,175,1,2,9,-,34,1,-,-,
,,6171,KOTA PONTIANAK,1,-,-,-,8,-,4,-,34,1,-,-,
63,"KALIMANTAN
SELATAN",6303,BANJAR,4,-,-,103,9,8,16,-,34,1,1,-,
64,"KALIMANTAN
TIMUR",6401,PASER,1,-,-,119,5,-,25,-,34,1,1,-,
,,6407,KUTAI BARAT,1,-,-,66,7,-,15,-,34,1,-,-,
,,6409,"PENAJAM PASER
UTARA",2,-,-,162,44,-,-,-,34,1,-,-,
71,"SULAWESI
UTARA",7102,MINAHASA,2,-,-,282,4,-,32,-,34,1,-,-,
,,7105,"MINAHASA
SELATAN",1,-,-,55,-,-,-,-,34,1,-,-,
72,"SULAWESI
TENGAH",7203,DONGGALA,1,-,-,32,6,-,5,-,34,1,-,-,
,,7206,MOROWALI,1,-,-,375,-,-,-,-,34,1,-,-,
,,7207,"BANGGAI
KEPULAUAN",1,-,-,56,1,2,11,-,34,1,-,-,
,,7209,TOJO UNA UNA,1,-,-,60,2,-,-,-,34,1,-,-,
73,"SULAWESI
SELATAN",7302,BULUKUMBA,2,-,-,75,-,2,18,-,34,1,-,-,
,,7304,JENEPONTO,1,-,-,170,9,4,17,-,34,1,-,-,
,,7305,TAKALAR,4,-,-,35,3,10,15,-,34,1,-,-,
,,7308,BONE,5,-,-,290,6,14,61,-,34,1,-,-,
,,7309,MAROS,3,-,-,80,1,13,7,-,34,1,-,-,
,,7310,"PANGKAJENE DAN
KEPULAUAN",3,-,-,115,1,17,5,-,34,1,-,-,
,,7311,BARRU,1,-,-,17,-,2,4,-,34,1,-,-,
,,7312,SOPPENG,2,9,8,105,22,-,-,-,34,1,-,-,
,,7313,WAJO,2,-,-,207,39,25,72,-,34,1,-,-,
,,7314,"SIDENRENG
RAPPANG",5,2,2,719,7,15,153,5,34,1,-,-,
,,7315,PINRANG,8,-,-,863,54,47,75,-,34,1,-,-,
,,7317,LUWU,3,-,-,173,-,6,37,-,34,1,-,-,
,,7322,LUWU UTARA,3,-,-,117,-,-,24,-,34,1,-,-,
"Kode
Wilayah
Provinsi","Nama
Provinsi","Kode
Wilayah
Kabupaten /
Kota","Nama Kabupaten
/ Kota","Jumlah
Kejadian",Korban,,,Kerusakan,,,,35,1,,,
,,,,,"Meninggal
& Hilang","Luka /
Sakit","Mengungsi &
Terdampak","Rumah
Rusak
Berat","Rumah
Rusak
Sedang","Rumah
Rusak
Ringan","Fasilitas
Pendidikan",35,1,"Fasilitas
Peribadatan","Fasilitas
Kesehatan",
,,,,,(jiwa),,,(unit),,,,35,1,,,
,,,,,,,,,,,,35,1,,,
(1),(2),"(3)
7324","(4)
LUWU TIMUR","(5)
2","(6)
-","(7)
-","(8)
309","(9)
39","(10)
8","(11)
16","(12)
-",35,1,"(13)
-","(14)
-",
,,,,,,,,,,,,35,1,,,
,,7372,KOTA PAREPARE,1,-,-,-,-,-,8,-,35,1,-,-,
74,"SULAWESI
TENGGARA",7402,KONAWE,2,-,-,195,14,9,46,-,35,1,-,-,
,,7407,WAKATOBI,1,-,2,74,5,8,5,-,35,1,-,-,
75,GORONTALO,7501,GORONTALO,1,-,-,33,9,-,1,-,35,1,-,-,
76,"SULAWESI
BARAT",7602,MAMUJU,1,-,-,27,2,1,5,-,35,1,-,-,
,,7603,MAMASA,1,-,-,108,3,2,23,-,35,1,-,-,
,,7604,POLEWALI MANDAR,2,1,2,50,-,8,2,1,35,1,-,-,
81,MALUKU,8102,"MALUKU
TENGGARA",1,-,-,700,36,55,49,-,35,1,-,-,
,,8103,"KEPULAUAN
TANIMBAR",1,-,-,95,-,-,17,-,35,1,-,-,
,,8105,"SERAM BAGIAN
TIMUR",1,-,-,150,2,-,13,-,35,1,-,-,
,,8107,KEPULAUAN ARU,2,-,-,45,4,-,14,-,35,1,-,-,
,,8109,BURU SELATAN,1,-,-,-,10,-,12,-,35,1,-,-,
,,8171,KOTA AMBON,3,3,3,-,-,-,34,-,35,1,-,-,
,,8172,KOTA TUAL,2,-,-,235,11,25,11,-,35,1,1,-,
82,"MALUKU
UTARA",8201,"HALMAHERA
BARAT",1,-,1,8,2,-,8,-,35,1,-,-,
,,8203,"HALMAHERA
UTARA",1,-,-,100,-,-,2,-,35,1,-,-,
,,8207,PULAU MOROTAI,1,-,-,25,-,5,-,-,35,1,-,-,
,,8208,PULAU TALIABU,3,-,8,244,3,-,7,-,35,1,-,-,
91,P A P U A,9103,JAYAPURA,1,1,-,-,-,-,-,-,35,1,-,-,
,,9105,KEPULAUAN YAPEN,1,-,-,31,-,-,6,-,35,1,-,-,
"Kode
Wilayah
Provinsi",Nama Provinsi,"Jumlah
Kejadian",Korban,,,Kerusakan,,,,,,36,1,,,
,,,"Meninggal
& Hilang","Luka /
Sakit","Mengungsi
& Terdampak","Rumah
Rusak
Berat","Rumah
Rusak
Sedang","Rumah
Rusak
Ringan","Fasilitas
Pendidikan","Fasilitas
Peribadatan","Fasilitas
Kesehatan",36,1,,,
,,,(jiwa),,,(unit),,,,,,36,1,,,
(1),(2),(3),(4),(5),(6),(7),(8),(9),(10),(11),(12),36,1,,,
11,ACEH,2,4,1,95,12,10,3,-,-,-,36,1,,,
12,SUMATERA UTARA,15,32,39,3.278,27,1,12,-,2,-,36,1,,,
13,SUMATERA BARAT,10,23,19,127,5,,5,-,-,-,36,1,,,
14,RIAU,1,-,-,41,13,,,-,-,-,36,1,,,
15,JAMBI,2,-,-,13,14,2,10,-,-,-,36,1,,,
16,SUMATERA SELATAN,1,-,-,67,,,,-,-,-,36,1,,,
17,BENGKULU,4,2,-,80,1,,5,-,-,-,36,1,,,
21,KEPULAUAN RIAU,1,-,-,170,,,,-,-,-,36,1,,,
32,JAWA BARAT,78,38,20,29.244,951,1.134,2.577,3,5,-,36,1,,,
33,JAWA TENGAH,19,18,11,4.742,140,71,64,1,2,-,36,1,,,
34,"DAERAH ISTIMEWA
YOGYAKARTA",5,-,,-,,2,16,-,-,-,36,1,,,
35,JAWA TIMUR,14,12,-,924,1,7,41,-,-,-,36,1,,,
36,BANTEN,7,2,1,1.744,50,17,175,-,-,-,36,1,,,
51,BALI,4,6,6,-,,1,,-,-,-,36,1,,,
52,"NUSA TENGGARA
BARAT",1,-,-,52,,,,-,-,-,36,1,,,
53,"NUSA TENGGARA
TIMUR",5,9,-,963,3,8,13,-,-,-,36,1,,,
63,"KALIMANTAN
SELATAN",1,-,-,35,,,12,-,-,-,36,1,,,
64,KALIMANTAN TIMUR,3,-,-,126,10,-,16,-,1,-,36,1,,,
65,KALIMANTAN UTARA,2,3,-,1.216,5,,5,-,-,-,36,1,,,
71,SULAWESI UTARA,1,-,-,40,8,,,-,-,-,36,1,,,
72,SULAWESI TENGAH,1,-,-,174,,,,-,-,-,36,1,,,
73,SULAWESI SELATAN,14,38,16,2.828,50,10,66,-,1,-,36,1,,,
75,GORONTALO,2,43,8,325,,,,-,-,-,36,1,,,
76,SULAWESI BARAT,3,-,1,6.929,58,39,176,-,-,-,36,1,,,
81,MALUKU,3,-,-,368,,,7,-,-,-,36,1,,,
82,MALUKU UTARA,4,1,-,190,,2,32,-,-,-,36,1,,,
92,PAPUA BARAT,1,4,1,1.080,8,,,0,0,0,36,1,,,
95,PAPUA PEGUNUNGAN,3,0,0,4.680,1146,,44,21,1,5,36,1,,,
"Kode
Wilayah
Provinsi",Nama Provinsi,"Kode
Wilayah
Kabupaten
/ Kota","Nama
Kabupaten/Kota","Jumlah
Kejadian",Korban,,,Kerusakan,,,,37,1,,,
,,,,,"Meninggal
& Hilang","Luka /
Sakit","Mengungsi &
Terdampak","Rumah
Rusak
Berat","Rumah
Rusak
Sedang","Rumah
Rusak
Ringan","Fasilitas
Pendidikan",37,1,"Fasilitas
Peribadatan","Fasilitas
Kesehatan",
,,,,,(jiwa),,,(unit),,,,37,1,,,
(1),(2),(3),(4),(5),(6),(7),(8),(9),(10),(11),(12),37,1,(13),(14),
11,ACEH,1104,ACEH TENGAH,1,4,-,66,9,10,-,-,37,1,-,-,
,,1112,"ACEH BARAT
DAYA",1,-,1,29,3,-,3,-,37,1,-,-,
12,"SUMATERA
UTARA",1202,TAPANULI UTARA,2,4,14,8,2,-,-,-,37,1,-,-,
,,1206,KARO,4,12,-,515,16,-,-,-,37,1,1,-,
,,1207,DELI SERDANG,2,10,24,37,5,-,1,-,37,1,1,-,
,,1211,DAIRI,2,-,,1.600,2,1,11,-,37,1,-,-,
,,1215,PAKPAK BHARAT,1,-,,1.095,-,-,-,-,37,1,-,-,
,,1217,SAMOSIR,1,1,,-,-,-,-,-,37,1,-,-,
,,1221,PADANG LAWAS,1,4,1,23,2,-,-,-,37,1,-,-,
,,1277,"KOTA PADANG
SIDEMPUAN",2,1,-,-,-,-,-,-,37,1,-,-,
13,"SUMATERA
BARAT",1302,SOLOK,2,13,12,77,-,-,-,-,37,1,-,-,
,,1305,"PADANG
PARIAMAN",3,5,1,-,-,-,-,-,37,1,-,-,
,,1306,AGAM,2,2,,-,-,-,-,-,37,1,-,-,
,,1307,"LIMA PULUH
KOTA",2,1,-,50,5,-,5,-,37,1,-,-,
,,1371,KOTA PADANG,1,2,6,-,-,-,-,-,37,1,-,-,
14,RIAU,1404,INDRAGIRI HILIR,1,-,-,41,13,-,-,-,37,1,-,-,
15,JAMBI,1502,MERANGIN,1,-,-,-,13,-,-,-,37,1,-,-,
,,1572,"KOTA SUNGAI
PENUH",1,-,-,13,1,2,10,-,37,1,-,-,
16,"SUMATERA
SELATAN",1609,"OGAN KOMERING
ULU SELATAN",1,-,-,67,-,-,-,-,37,1,-,-,
17,BENGKULU,1703,"BENGKULU
UTARA",1,1,-,-,-,-,-,-,37,1,-,-,
,,1704,KAUR,1,1,-,-,-,-,-,-,37,1,-,-,
,,1706,MUKO MUKO,1,-,-,80,1,-,-,-,37,1,-,-,
,,1771,KOTA BENGKULU,1,-,-,-,-,-,5,-,37,1,-,-,
21,"KEPULAUAN
RIAU",2103,NATUNA,1,-,-,170,-,-,-,-,37,1,-,-,
32,JAWA BARAT,3201,BOGOR,19,-,-,1.659,10,100,136,-,37,1,-,-,
,,3202,SUKABUMI,10,14,1,381,32,24,31,-,37,1,1,-,
,,3203,CIANJUR,7,2,5,20.074,808,886,2.126,2,37,1,2,-,
,,3204,BANDUNG,2,1,-,46,-,-,13,-,37,1,-,-,
,,3205,GARUT,2,3,-,35,1,3,5,-,37,1,1,-,
,,3206,TASIKMALAYA,3,-,-,492,11,4,51,-,37,1,-,-,
,,3207,CIAMIS,4,-,-,469,2,11,75,-,37,1,-,-,
,,3208,KUNINGAN,1,-,-,15,-,2,6,-,37,1,-,-,
"Kode
Wilayah
Provinsi",Nama Provinsi,"Kode
Wilayah
Kabupaten
/ Kota","Nama
Kabupaten/Kota","Jumlah
Kejadian",Korban,,,Kerusakan,,,,38,1,,,
,,,,,"Meninggal
& Hilang","Luka /
Sakit","Mengungsi &
Terdampak","Rumah
Rusak
Berat","Rumah
Rusak
Sedang","Rumah
Rusak
Ringan","Fasilitas
Pendidikan",38,1,"Fasilitas
Peribadatan","Fasilitas
Kesehatan",
,,,,,(jiwa),,,(unit),,,,38,1,,,
(1),(2),(3),(4),(5),(6),(7),(8),(9),(10),(11),(12),38,1,(13),(14),
,,3210,MAJALENGKA,1,1,-,10,-,-,-,-,38,1,-,-,
,,3211,SUMEDANG,1,-,,54,-,-,-,-,38,1,-,-,
,,3213,SUBANG,1,2,11,262,-,-,-,-,38,1,-,-,
,,3214,PURWAKARTA,8,-,1,2.158,45,35,42,-,38,1,1,-,
,,3216,BEKASI,1,-,-,80,7,6,1,-,38,1,-,-,
,,3217,BANDUNG BARAT,13,13,1,2.734,35,58,67,1,38,1,-,-,
,,3271,KOTA BOGOR,2,2,1,19,-,3,2,-,38,1,-,-,
,,3272,KOTA SUKABUMI,1,-,-,205,-,-,-,-,38,1,-,-,
,,3273,KOTA BANDUNG,1,-,-,64,-,-,-,-,38,1,-,-,
,,3276,KOTA DEPOK,1,-,,487,-,2,22,-,38,1,-,-,
33,JAWA TENGAH,3301,CILACAP,1,-,-,19,5,4,-,-,38,1,-,-,
,,3302,BANYUMAS,1,-,-,75,-,2,-,-,38,1,-,-,
,,3304,BANJARNEGARA,2,-,1,316,31,10,5,-,38,1,-,-,
,,3305,KEBUMEN,2,2,5,90,3,2,18,1,38,1,1,-,
,,3306,PURWOREJO,1,4,-,5,1,-,-,-,38,1,-,-,
,,3307,WONOSOBO,1,2,-,14,3,1,-,-,38,1,-,-,
,,3308,MAGELANG,1,-,4,85,-,1,6,-,38,1,-,-,
,,3313,KARANGANYAR,1,-,-,281,-,-,-,-,38,1,-,-,
,,3314,SRAGEN,1,5,-,65,1,-,-,-,38,1,-,-,
,,3323,TEMANGGUNG,2,2,1,20,1,2,1,-,38,1,-,-,
,,3324,KENDAL,1,1,-,5,-,1,-,-,38,1,-,-,
,,3327,PEMALANG,1,-,-,248,10,3,-,-,38,1,-,-,
,,3329,BREBES,3,-,-,3.519,85,45,34,-,38,1,1,-,
,,3372,"KOTA
SURAKARTA",1,2,-,-,-,-,-,-,38,1,-,-,
34,"DAERAH
ISTIMEWA
YOGYAKARTA",3401,KULON PROGO,3,-,,-,-,-,12,-,38,1,-,-,
,,3403,GUNUNGKIDUL,2,-,,-,-,2,4,-,38,1,-,-,
35,JAWA TIMUR,3501,PACITAN,1,1,-,-,-,-,1,-,38,1,-,-,
,,3503,TRENGGALEK,1,-,-,55,-,-,9,-,38,1,-,-,
,,3504,TULUNGAGUNG,1,-,-,-,-,-,6,-,38,1,-,-,
,,3505,BLITAR,1,3,-,-,-,-,-,-,38,1,-,-,
,,3507,MALANG,2,2,-,-,1,-,8,-,38,1,-,-,
,,3508,LUMAJANG,2,5,-,-,-,1,-,-,38,1,-,-,
,,3512,SITUBONDO,1,1,-,-,-,-,-,-,38,1,-,-,
,,3516,MOJOKERTO,1,-,-,35,-,6,1,-,38,1,-,-,
,,3517,JOMBANG,1,-,-,34,-,-,11,-,38,1,-,-,
,,3518,NGANJUK,1,-,-,750,-,-,-,-,38,1,-,-,
,,3528,PAMEKASAN,1,-,-,-,-,-,5,-,38,1,-,-,
"Kode
Wilayah
Provinsi",Nama Provinsi,"Kode
Wilayah
Kabupaten
/ Kota","Nama
Kabupaten/Kota","Jumlah
Kejadian",Korban,,,Kerusakan,,,,39,1,,,
,,,,,"Meninggal
& Hilang","Luka /
Sakit","Mengungsi &
Terdampak","Rumah
Rusak
Berat","Rumah
Rusak
Sedang","Rumah
Rusak
Ringan","Fasilitas
Pendidikan",39,1,"Fasilitas
Peribadatan","Fasilitas
Kesehatan",
,,,,,(jiwa),,,(unit),,,,39,1,,,
(1),(2),(3),(4),(5),(6),(7),(8),(9),(10),(11),(12),39,1,(13),(14),
,,3579,KOTA BATU,1,-,-,50,-,-,-,-,39,1,-,-,
36,BANTEN,3601,PANDEGLANG,2,-,-,44,-,2,11,-,39,1,-,-,
,,3602,LEBAK,3,2,1,1.625,50,5,164,-,39,1,-,-,
,,3674,"KOTA
TANGERANG
SELATAN",2,-,-,75,-,10,-,-,39,1,-,-,
51,BALI,5102,TABANAN,1,2,-,-,-,-,-,-,39,1,-,-,
,,5104,GIANYAR,1,2,-,-,-,1,-,-,39,1,-,-,
,,5106,BANGLI,1,1,3,-,-,-,-,-,39,1,-,-,
,,5107,KARANGASEM,1,1,3,-,-,-,-,-,39,1,-,-,
52,"NUSA
TENGGARA
BARAT",5208,LOMBOK UTARA,1,-,-,52,-,-,-,-,39,1,-,-,
53,"NUSA
TENGGARA
TIMUR",5308,ENDE,3,9,-,10,1,2,-,-,39,1,-,-,
,,5315,"MANGGARAI
BARAT",1,-,-,878,-,-,-,-,39,1,-,-,
,,5371,KOTA KUPANG,1,-,-,75,2,6,13,-,39,1,-,-,
63,"KALIMANTAN
SELATAN",6311,BALANGAN,1,-,-,35,-,-,12,-,39,1,-,-,
64,"KALIMANTAN
TIMUR",6402,"KUTAI
KARTANEGARA",1,-,-,86,5,-,11,-,39,1,1,-,
,,6471,"KOTA
BALIKPAPAN",1,-,-,20,5,-,-,-,39,1,-,-,
,,6472,"KOTA
SAMARINDA",1,-,-,20,-,-,5,-,39,1,-,-,
65,"KALIMANTAN
UTARA",6503,NUNUKAN,1,-,-,1.166,-,-,-,-,39,1,-,-,
,,6571,KOTA TARAKAN,1,3,-,50,5,-,5,-,39,1,-,-,
71,"SULAWESI
UTARA",7171,KOTA MANADO,1,-,-,40,8,-,-,-,39,1,-,-,
72,"SULAWESI
TENGAH",7208,"PARIGI
MOUTONG",1,-,-,174,-,-,-,-,39,1,-,-,
73,"SULAWESI
SELATAN",7302,BULUKUMBA,1,1,-,-,-,-,-,-,39,1,-,-,
,,7306,GOWA,1,-,-,115,-,-,-,-,39,1,-,-,
,,7307,SINJAI,1,-,-,116,1,1,30,-,39,1,1,-,
,,7311,BARRU,1,-,-,1.279,-,-,17,-,39,1,-,-,
,,7315,PINRANG,1,-,-,218,5,4,4,-,39,1,-,-,
,,7316,ENREKANG,1,-,-,101,-,-,-,-,39,1,-,-,
,,7317,LUWU,4,14,8,720,31,5,15,-,39,1,-,-,
,,7318,TANA TORAJA,2,20,2,99,11,-,-,-,39,1,-,-,
,,7326,TORAJA UTARA,2,3,6,180,2,-,-,-,39,1,-,-,
"Kode
Wilayah
Provinsi",Nama Provinsi,"Kode
Wilayah
Kabupaten
/ Kota","Nama
Kabupaten/Kota","Jumlah
Kejadian",Korban,,,Kerusakan,,,,40,1,,,
,,,,,"Meninggal
& Hilang","Luka /
Sakit","Mengungsi &
Terdampak","Rumah
Rusak
Berat","Rumah
Rusak
Sedang","Rumah
Rusak
Ringan","Fasilitas
Pendidikan",40,1,"Fasilitas
Peribadatan","Fasilitas
Kesehatan",
,,,,,(jiwa),,,(unit),,,,40,1,,,
(1),(2),(3),(4),(5),(6),(7),(8),(9),(10),(11),(12),40,1,(13),(14),
75,GORONTALO,7501,GORONTALO,1,1,-,-,-,-,-,-,40,1,-,-,
,,7503,BONE BOLANGO,1,42,8,325,-,-,-,-,40,1,-,-,
76,"SULAWESI
BARAT",7603,MAMASA,2,-,1,2.079,58,39,176,-,40,1,-,-,
,,7604,"POLEWALI
MANDAR",1,-,-,4.850,-,-,-,-,40,1,-,-,
81,MALUKU,8171,KOTA AMBON,3,-,-,368,-,-,7,-,40,1,-,-,
82,"MALUKU
UTARA",8203,"HALMAHERA
UTARA",1,1,-,-,-,-,-,-,40,1,-,-,
,,8204,"HALMAHERA
SELATAN",1,-,-,-,-,-,10,-,40,1,-,-,
,,8271,KOTA TERNATE,1,-,-,-,-,2,22,-,40,1,-,-,
,,8272,"KOTA TIDORE
KEPULAUAN",1,-,-,190,-,-,-,-,40,1,-,-,
92,PAPUA BARAT,9212,"PEGUNUNGAN
ARFAK",1,4,1,1.080,8,-,-,-,40,1,-,-,
95,"PAPUA
PEGUNUNGAN",9502,"KAB
PEGUNUNGAN
BINTANG",2,-,-,1.724,13,-,44,21,40,1,1,5,
,,9503,YAHUKIMO,1,-,-,2.956,1.133,-,-,-,40,1,-,-,
"Kode Wilayah
Provinsi",Nama Provinsi,Jumlah Kejadian,Korban,,,Kerusakan,,,,,,42,1,,,
,,,"Meninggal
& Hilang","Luka /
Sakit","Mengungsi
& Terdampak","Rumah
Rusak
Berat","Rumah
Rusak
Sedang","Rumah
Rusak
Ringan","Fasilitas
Pendidikan","Fasilitas
Peribadatan","Fasilitas
Kesehatan",42,1,,,
,,,(jiwa),,,(unit),,,,,,42,1,,,
(1),(2),(3),(4),(5),(6),(7),(8),(9),(10),(11),(12),42,1,,,
17,BENGKULU,1,-,-,575,8,19,88,-,3,-,42,1,,,
32,JAWA BARAT,5,1,157,66.619,937,2.042,4.950,78,51,9,42,1,,,
33,JAWA TENGAH,3,-,14,1.281,13,30,235,15,5,1,42,1,,,
34,"DAERAH
ISTIMEWA
YOGYAKARTA",1,-,-,215,1,,76,1,-,-,42,1,,,
35,JAWA TIMUR,2,-,8,46.614,943,1.618,3.947,104,199,5,42,1,,,
36,BANTEN,1,-,-,40,,2,2,2,-,-,42,1,,,
51,BALI,1,-,-,-,11,14,,4,6,-,42,1,,,
52,"NUSA
TENGGARA
BARAT",1,-,-,32,,,8,-,-,-,42,1,,,
72,"SULAWESI
TENGAH",2,-,2,100,1,6,14,1,2,2,42,1,,,
82,MALUKU UTARA,1,-,-,1.044,2,64,,-,1,-,42,1,,,
"Kode
Wilayah
Provinsi",Nama Provinsi,"Kode
Wilayah
Kabupaten
/ Kota","Nama Kabupaten
/ Kota","Jumlah
Kejadian",Korban,,,Kerusakan,,,,42,2,,,
,,,,,"Meninggal
& Hilang","Luka /
Sakit","Mengungsi
& Terdampak","Rumah
Rusak
Berat","Rumah
Rusak
Sedang","Rumah
Rusak
Ringan","Fasilitas
Pendidikan",42,2,"Fasilitas
Peribadatan","Fasilitas
Kesehatan",
,,,,,(jiwa),,,(unit),,,,42,2,,,
(1),(2),(3),(4),(5),(6),(7),(8),(9),(10),(11),(12),42,2,(13),(14),
17,BENGKULU,1701,"BENGKULU
SELATAN",1,-,-,575,8,19,88,-,42,2,3,-,
32,JAWA BARAT,3201,BOGOR,3,-,-,198,-,15,42,-,42,2,-,-,
,,3202,SUKABUMI,2,-,-,58,2,13,13,1,42,2,1,-,
,,3203,CIANJUR,1,-,-,10,-,-,4,1,42,2,1,-,
,,3204,BANDUNG,2,1,141,57.019,894,1.728,3.635,-,42,2,2,2,
,,3205,GARUT,3,-,11,8.381,25,239,1.023,70,42,2,43,4,
,,3206,TASIKMALAYA,1,-,1,59,-,8,16,-,42,2,1,1,
,,3207,CIAMIS,1,-,4,499,1,17,129,1,42,2,-,-,
,,3208,KUNINGAN,1,-,-,113,-,1,34,3,42,2,1,-,
,,3210,MAJALENGKA,1,-,-,37,-,1,14,-,42,2,-,-,
,,3211,SUMEDANG,1,-,-,6,2,-,1,-,42,2,-,1,
,,3213,SUBANG,1,-,-,14,-,1,-,-,42,2,-,-,
,,3214,PURWAKARTA,2,-,-,17,1,3,1,-,42,2,-,-,
,,3217,BANDUNG BARAT,2,-,-,80,8,9,5,-,42,2,-,-,
,,3218,PANGANDARAN,1,-,-,5,1,-,4,-,42,2,1,1,
,,3272,KOTA SUKABUMI,1,-,-,-,-,1,1,-,42,2,-,-,
"Kode
Wilayah
Provinsi",Nama Provinsi,"Kode
Wilayah
Kabupaten
/ Kota","Nama Kabupaten
/ Kota","Jumlah
Kejadian",Korban,,,Kerusakan,,,,43,1,,,
,,,,,"Meninggal
& Hilang","Luka /
Sakit","Mengungsi
& Terdampak","Rumah
Rusak
Berat","Rumah
Rusak
Sedang","Rumah
Rusak
Ringan","Fasilitas
Pendidikan",43,1,"Fasilitas
Peribadatan","Fasilitas
Kesehatan",
,,,,,(jiwa),,,(unit),,,,43,1,,,
(1),(2),(3),(4),(5),(6),(7),(8),(9),(10),(11),(12),43,1,(13),(14),
,,3273,KOTA BANDUNG,1,-,-,-,-,-,-,-,43,1,-,-,
,,3277,KOTA CIMAHI,2,-,-,13,-,2,2,1,43,1,-,-,
,,3278,"KOTA
TASIKMALAYA",1,-,-,100,2,2,22,-,43,1,1,-,
,,3279,KOTA BANJAR,1,-,-,10,1,2,4,1,43,1,-,-,
33,JAWA TENGAH,3309,BOYOLALI,1,-,-,10,-,-,2,-,43,1,-,-,
,,3313,KARANGANYAR,1,-,-,5,-,-,1,-,43,1,-,-,
,,3317,REMBANG,1,-,-,69,-,-,-,-,43,1,-,1,
,,3325,BATANG,1,-,14,1.190,13,30,230,15,43,1,5,-,
,,3375,"KOTA
PEKALONGAN",1,-,-,7,-,-,2,-,43,1,-,-,
34,"DAERAH
ISTIMEWA
YOGYAKARTA",3401,KULON PROGO,1,-,-,15,-,-,3,-,43,1,-,-,
,,3402,BANTUL,1,-,,-,1,-,17,1,43,1,-,-,
,,3403,GUNUNGKIDUL,1,-,-,200,-,-,56,-,43,1,-,-,
,,3404,SLEMAN,1,-,-,-,-,-,-,-,43,1,-,-,
35,JAWA TIMUR,3508,LUMAJANG,1,-,-,30,-,-,6,-,43,1,-,-,
,,3515,SIDOARJO,1,-,-,-,-,-,2,-,43,1,-,-,
,,3522,BOJONEGORO,1,-,-,-,-,-,-,-,43,1,-,-,
,,3523,TUBAN,1,-,-,55,1,2,9,3,43,1,-,-,
,,3524,LAMONGAN,1,-,-,-,-,1,6,-,43,1,1,1,
,,3525,GRESIK,1,-,7,46.514,942,1.615,3.921,101,43,1,198,2,
,,3528,PAMEKASAN,1,-,-,5,-,-,1,-,43,1,-,-,
,,3578,KOTA SURABAYA,1,-,1,10,-,-,2,-,43,1,-,2,
36,BANTEN,3602,LEBAK,1,-,-,40,-,2,2,2,43,1,-,-,
51,BALI,5103,BADUNG,1,-,-,-,11,13,-,-,43,1,4,-,
,,5104,GIANYAR,1,-,-,-,-,-,-,4,43,1,2,-,
,,5105,KLUNGKUNG,1,-,-,-,-,1,-,-,43,1,-,-,
52,"NUSA TENGGARA
BARAT",5204,SUMBAWA,1,-,-,32,-,-,8,-,43,1,-,-,
72,"SULAWESI
TENGAH",7205,BUOL,1,-,-,85,-,3,14,-,43,1,1,2,
,,7206,MOROWALI,1,-,2,15,1,3,-,1,43,1,1,-,
82,MALUKU UTARA,8207,PULAU MOROTAI,1,-,-,1.044,2,64,-,-,43,1,1,-,
Kode Wilayah,Nama Provinsi,Jumlah Kejadian,Korban,,,,,,,,,44,1,,,
,,,"Mengungsi &
Terdampak",,,,,,,,,44,1,,,
(1),(2),(3),(4),,,,,,,,,44,1,,,
11,ACEH,1,19407,,,,,,,,,44,1,,,
12,SUMATERA UTARA,2,2455,,,,,,,,,44,1,,,
13,SUMATERA BARAT,1,1292,,,,,,,,,44,1,,,
18,LAMPUNG,1,378,,,,,,,,,44,1,,,
32,JAWA BARAT,25,167546,,,,,,,,,44,1,,,
33,JAWA TENGAH,22,640840,,,,,,,,,44,1,,,
34,"DAERAH ISTIMEWA
YOGYAKARTA",3,55487,,,,,,,,,44,1,,,
35,JAWA TIMUR,11,41070,,,,,,,,,44,1,,,
36,BANTEN,2,3660,,,,,,,,,44,1,,,
52,"NUSA TENGGARA
BARAT",9,518602,,,,,,,,,44,1,,,
53,"NUSA TENGGARA
TIMUR",1,575,,,,,,,,,44,1,,,
73,SULAWESI SELATAN,10,27280,,,,,,,,,44,1,,,
75,GORONTALO,1,1739,,,,,,,,,44,1,,,
"Kode Wilayah
Provinsi",Nama Provinsi,"Kode Wilayah Kabupaten
/ Kota","Nama Kabupaten
/ Kota",Jumlah Kejadian,Korban,,,,,,,44,2,,,
,,,,,"Mengungsi &
Terdampak",,,,,,,44,2,,,
(1),(2),(3),(4),(5),(6),,,,,,,44,2,,,
11,ACEH,1106,ACEH BESAR,1,19.407,,,,,,,44,2,,,
12,SUMATERA UTARA,1278,"KOTA
GUNUNGSITOLI",2,2.455,,,,,,,44,2,,,
13,SUMATERA BARAT,1371,KOTA PADANG,1,1.292,,,,,,,44,2,,,
18,LAMPUNG,1871,"KOTA BANDAR
LAMPUNG",1,378,,,,,,,44,2,,,
32,JAWA BARAT,3201,BOGOR,5,65.743,,,,,,,44,2,,,
,,3202,SUKABUMI,1,536,,,,,,,44,2,,,
,,3203,CIANJUR,1,11.741,,,,,,,44,2,,,
,,3204,BANDUNG,1,775,,,,,,,44,2,,,
,,3205,GARUT,1,400,,,,,,,44,2,,,
,,3208,KUNINGAN,1,890,,,,,,,44,2,,,
,,3209,CIREBON,2,22.164,,,,,,,44,2,,,
,,3210,MAJALENGKA,1,970,,,,,,,44,2,,,
,,3212,INDRAMAYU,1,979,,,,,,,44,2,,,
,,3213,SUBANG,1,2.400,,,,,,,44,2,,,
,,3214,PURWAKARTA,1,828,,,,,,,44,2,,,
,,3215,KARAWANG,2,1.597,,,,,,,44,2,,,
"Kode Wilayah
Provinsi",Nama Provinsi,"Kode Wilayah Kabupaten
/ Kota","Nama Kabupaten
/ Kota",Jumlah Kejadian,Korban,,,,,,,45,1,,,
,,,,,"Mengungsi &
Terdampak",,,,,,,45,1,,,
(1),(2),(3),(4),(5),(6),,,,,,,45,1,,,
,,3216,BEKASI,2,48.591,,,,,,,45,1,,,
,,3217,BANDUNG BARAT,1,1.605,,,,,,,45,1,,,
,,3218,PANGANDARAN,1,914,,,,,,,45,1,,,
,,3271,KOTA BOGOR,1,500,,,,,,,45,1,,,
,,3274,KOTA CIREBON,1,4.452,,,,,,,45,1,,,
,,3279,KOTA BANJAR,1,2.461,,,,,,,45,1,,,
33,JAWA TENGAH,3301,CILACAP,2,89.495,,,,,,,45,1,,,
,,3302,BANYUMAS,2,227.212,,,,,,,45,1,,,
,,3305,KEBUMEN,2,19.431,,,,,,,45,1,,,
,,3306,PURWOREJO,2,3.580,,,,,,,45,1,,,
,,3309,BOYOLALI,1,10.791,,,,,,,45,1,,,
,,3310,KLATEN,2,98.976,,,,,,,45,1,,,
,,3314,SRAGEN,2,32.637,,,,,,,45,1,,,
,,3315,GROBOGAN,1,4.553,,,,,,,45,1,,,
,,3318,PATI,2,120.643,,,,,,,45,1,,,
,,3320,JEPARA,1,8.210,,,,,,,45,1,,,
,,3321,DEMAK,1,1.714,,,,,,,45,1,,,
,,3322,SEMARANG,1,1.026,,,,,,,45,1,,,
,,3323,TEMANGGUNG,1,3.052,,,,,,,45,1,,,
,,3328,TEGAL,1,12.390,,,,,,,45,1,,,
,,3376,KOTA TEGAL,1,7.130,,,,,,,45,1,,,
34,"DAERAH ISTIMEWA
YOGYAKARTA",3401,KULON PROGO,2,1.618,,,,,,,45,1,,,
,,3403,GUNUNGKIDUL,1,53.869,,,,,,,45,1,,,
35,JAWA TIMUR,3503,TRENGGALEK,3,14.509,,,,,,,45,1,,,
,,3505,BLITAR,1,10.806,,,,,,,45,1,,,
,,3509,JEMBER,1,4.900,,,,,,,45,1,,,
,,3516,MOJOKERTO,1,7.589,,,,,,,45,1,,,
,,3518,NGANJUK,1,514,,,,,,,45,1,,,
,,3520,MAGETAN,2,912,,,,,,,45,1,,,
,,3521,NGAWI,1,192,,,,,,,45,1,,,
,,3522,BOJONEGORO,1,1.648,,,,,,,45,1,,,
36,BANTEN,3673,KOTA SERANG,1,1.860,,,,,,,45,1,,,
,,3674,"KOTA TANGERANG
SELATAN",1,1.800,,,,,,,45,1,,,
52,"NUSA TENGGARA
BARAT",5201,LOMBOK BARAT,1,16.012,,,,,,,45,1,,,
,,5202,LOMBOK TENGAH,1,274.622,,,,,,,45,1,,,
,,5203,LOMBOK TIMUR,1,84.914,,,,,,,45,1,,,
,,5204,SUMBAWA,1,58.034,,,,,,,45,1,,,
,,5205,DOMPU,1,11.290,,,,,,,45,1,,,
"Kode Wilayah
Provinsi",Nama Provinsi,"Kode Wilayah Kabupaten
/ Kota","Nama Kabupaten
/ Kota",Jumlah Kejadian,Korban,,,,,,,46,1,,,
,,,,,"Mengungsi &
Terdampak",,,,,,,46,1,,,
(1),(2),(3),(4),(5),(6),,,,,,,46,1,,,
,,5206,BIMA,1,23.716,,,,,,,46,1,,,
,,5207,SUMBAWA BARAT,1,17.098,,,,,,,46,1,,,
,,5208,LOMBOK UTARA,1,17.053,,,,,,,46,1,,,
,,5272,KOTA BIMA,1,15.863,,,,,,,46,1,,,
53,"NUSA TENGGARA
TIMUR",5314,ROTE NDAO,1,575,,,,,,,46,1,,,
73,SULAWESI SELATAN,7301,"KEPULAUAN
SELAYAR",2,1.966,,,,,,,46,1,,,
,,7304,JENEPONTO,5,5.565,,,,,,,46,1,,,
,,7305,TAKALAR,2,445,,,,,,,46,1,,,
,,7309,MAROS,1,19.304,,,,,,,46,1,,,
75,GORONTALO,7501,GORONTALO,1,1.739,,,,,,,46,1,,,
Kode Wilayah,Nama Provinsi,Jumlah Kejadian,Korban,Lahan Terbakar (Ha),,,,,,,,48,1,,,
,,,"Mengungsi &
Terdampak a",,,,,,,,,48,1,,,
(1),(2),(3),(4),(5),,,,,,,,48,1,,,
11,ACEH,35,0,"221,795",,,,,,,,48,1,,,
12,SUMATERA UTARA,170,4,"1371,18",,,,,,,,48,1,,,
13,SUMATERA BARAT,7,0,13,,,,,,,,48,1,,,
14,RIAU,10,0,"1309,75",,,,,,,,48,1,,,
15,JAMBI,79,0,"174,11",,,,,,,,48,1,,,
16,SUMATERA SELATAN,192,0,"1516,87",,,,,,,,48,1,,,
17,BENGKULU,1,0,18,,,,,,,,48,1,,,
18,LAMPUNG,7,0,747,,,,,,,,48,1,,,
19,"KEPULAUAN BANGKA
BELITUNG",19,251,"64,61",,,,,,,,48,1,,,
21,KEPULAUAN RIAU,58,0,"950,69",,,,,,,,48,1,,,
32,JAWA BARAT,16,0,"60,29",,,,,,,,48,1,,,
33,JAWA TENGAH,38,472,"216,2",,,,,,,,48,1,,,
34,"DAERAH ISTIMEWA
YOGYAKARTA",15,0,"22,5",,,,,,,,48,1,,,
35,JAWA TIMUR,145,0,138,,,,,,,,48,1,,,
36,BANTEN,4,0,19,,,,,,,,48,1,,,
51,BALI,11,0,292,,,,,,,,48,1,,,
52,NUSA TENGGARA BARAT,3,0,,,,,,,,,48,1,,,
53,NUSA TENGGARA TIMUR,14,111,83,,,,,,,,48,1,,,
61,KALIMANTAN BARAT,10,0,174,,,,,,,,48,1,,,
62,KALIMANTAN TENGAH,17,0,665,,,,,,,,48,1,,,
63,KALIMANTAN SELATAN,6,0,24,,,,,,,,48,1,,,
64,KALIMANTAN TIMUR,107,0,1.562,,,,,,,,48,1,,,
65,KALIMANTAN UTARA,3,0,132,,,,,,,,48,1,,,
72,SULAWESI TENGAH,2,0,2,,,,,,,,48,1,,,
73,SULAWESI SELATAN,3,0,40,,,,,,,,48,1,,,
81,MALUKU,1,0,2,,,,,,,,48,1,,,
"Kode
Wilayah
Provinsi",Nama Provinsi,"Kode
Wilayah
Kabupaten
/ Kota","Nama Kabupaten
/ Kota","Jumlah
Kejadian",Korban,Jumlah Kejadian,,,,,,49,1,,,
,,,,,"Mengungsi &
Terdampak",,,,,,,49,1,,,
(1),(2),(3),(4),(5),(6),(7),,,,,,49,1,,,
11,ACEH,1101,ACEH SELATAN,4,-,"31,7",,,,,,49,1,,,
,,1102,ACEH TENGGARA,3,-,14,,,,,,49,1,,,
,,1105,ACEH BARAT,3,-,"69,595",,,,,,49,1,,,
,,1106,ACEH BESAR,10,-,"33,2",,,,,,49,1,,,
,,1113,GAYO LUES,1,-,8,,,,,,49,1,,,
,,1114,ACEH JAYA,4,-,"10,1",,,,,,49,1,,,
,,1115,NAGAN RAYA,2,-,"13,2",,,,,,49,1,,,
,,1117,BENER MERIAH,8,-,42,,,,,,49,1,,,
12,"SUMATERA
UTARA",1201,TAPANULI TENGAH,2,-,"4,5",,,,,,49,1,,,
,,1203,TAPANULI SELATAN,4,-,"15,5",,,,,,49,1,,,
,,1205,LANGKAT,16,-,"78,5",,,,,,49,1,,,
,,1206,KARO,25,-,"245,58",,,,,,49,1,,,
,,1207,DELI SERDANG,3,-,8,,,,,,49,1,,,
,,1208,SIMALUNGUN,4,4,84,,,,,,49,1,,,
,,1209,ASAHAN,6,-,78,,,,,,49,1,,,
,,1210,LABUHANBATU,20,-,"197,5",,,,,,49,1,,,
,,1211,DAIRI,5,-,65,,,,,,49,1,,,
,,1212,TOBA,8,-,"35,6",,,,,,49,1,,,
,,1213,MANDAILING NATAL,2,-,2,,,,,,49,1,,,
,,1215,PAKPAK BHARAT,1,-,1,,,,,,49,1,,,
,,1217,SAMOSIR,11,-,327,,,,,,49,1,,,
,,1218,SERDANG BEDAGAI,1,-,20,,,,,,49,1,,,
,,1220,"PADANG LAWAS
UTARA",17,-,55,,,,,,49,1,,,
,,1221,PADANG LAWAS,10,-,"25,5",,,,,,49,1,,,
,,1222,"LABUHANBATU
SELATAN",10,-,24,,,,,,49,1,,,
,,1223,"LABUHANBATU
UTARA",19,-,"87,5",,,,,,49,1,,,
,,1272,"KOTA
PEMATANGSIANTAR",1,-,2,,,,,,49,1,,,
,,1275,KOTA BINJAI,1,-,4,,,,,,49,1,,,
,,1277,"KOTA PADANG
SIDEMPUAN",4,-,11,,,,,,49,1,,,
13,"SUMATERA
BARAT",1303,SIJUNJUNG,3,-,6,,,,,,49,1,,,
,,1304,TANAH DATAR,1,-,3,,,,,,49,1,,,
,,1306,AGAM,1,-,1,,,,,,49,1,,,
,,1307,LIMA PULUH KOTA,2,-,3,,,,,,49,1,,,
14,RIAU,1401,KAMPAR,2,-,"58,9",,,,,,49,1,,,
,,1402,INDRAGIRI HULU,1,-,"479,15",,,,,,49,1,,,
,,1403,BENGKALIS,1,-,"56,83",,,,,,49,1,,,
"Kode
Wilayah
Provinsi",Nama Provinsi,"Kode
Wilayah
Kabupaten
/ Kota","Nama Kabupaten
/ Kota","Jumlah
Kejadian",Korban,Jumlah Kejadian,,,,,,50,1,,,
,,,,,"Mengungsi &
Terdampak",,,,,,,50,1,,,
(1),(2),(3),(4),(5),(6),(7),,,,,,50,1,,,
,,1404,INDRAGIRI HILIR,1,-,"200,8",,,,,,50,1,,,
,,1405,PELALAWAN,1,-,"107,73",,,,,,50,1,,,
,,1410,"KEPULAUAN
MERANTI",1,-,"145,04",,,,,,50,1,,,
,,1472,KOTA DUMAI,3,-,"261,3",,,,,,50,1,,,
15,JAMBI,1502,MERANGIN,8,-,"20,51",,,,,,50,1,,,
,,1503,SAROLANGUN,1,-,"89,6",,,,,,50,1,,,
,,1504,BATANGHARI,19,-,,,,,,,50,1,,,
,,1505,MUARO JAMBI,18,-,10,,,,,,50,1,,,
,,1506,"TANJUNG JABUNG
BARAT",3,-,,,,,,,50,1,,,
,,1507,"TANJUNG JABUNG
TIMUR",5,-,54,,,,,,50,1,,,
,,1508,BUNGO,24,-,,,,,,,50,1,,,
,,1572,KOTA SUNGAI PENUH,1,-,,,,,,,50,1,,,
16,"SUMATERA
SELATAN",1602,"OGAN KOMERING
ILIR",5,-,"53,5",,,,,,50,1,,,
,,1603,MUARA ENIM,33,-,411,,,,,,50,1,,,
,,1604,LAHAT,5,-,6,,,,,,50,1,,,
,,1605,MUSI RAWAS,4,-,"12,5",,,,,,50,1,,,
,,1606,MUSI BANYUASIN,16,-,"254,6",,,,,,50,1,,,
,,1607,BANYUASIN,31,-,"264,3",,,,,,50,1,,,
,,1608,"OGAN KOMERING
ULU TIMUR",1,-,3,,,,,,50,1,,,
,,1610,OGAN ILIR,57,-,"350,16",,,,,,50,1,,,
,,1611,EMPAT LAWANG,1,-,1,,,,,,50,1,,,
,,1612,"PENUKAL ABAB
LEMATANG ILIR",31,-,116,,,,,,50,1,,,
,,1613,MUSI RAWAS UTARA,4,-,"24,51",,,,,,50,1,,,
,,1672,KOTA PAGAR ALAM,1,-,"1,5",,,,,,50,1,,,
,,1674,KOTA PRABUMULIH,3,-,"18,8",,,,,,50,1,,,
17,BENGKULU,1706,MUKO MUKO,1,-,18,,,,,,50,1,,,
18,LAMPUNG,1805,TULANG BAWANG,1,-,20,,,,,,50,1,,,
,,1807,LAMPUNG TIMUR,2,-,503,,,,,,50,1,,,
,,1811,MESUJI,4,-,224,,,,,,50,1,,,
19,"KEPULAUAN
BANGKA
BELITUNG",1902,BELITUNG,1,-,2,,,,,,50,1,,,
,,1906,BELITUNG TIMUR,18,251,"62,61",,,,,,50,1,,,
21,"KEPULAUAN
RIAU",2101,BINTAN,32,-,"173,65",,,,,,50,1,,,
,,2102,KARIMUN,12,-,"60,2",,,,,,50,1,,,
,,2103,NATUNA,9,-,"711,34",,,,,,50,1,,,
"Kode
Wilayah
Provinsi",Nama Provinsi,"Kode
Wilayah
Kabupaten
/ Kota","Nama Kabupaten
/ Kota","Jumlah
Kejadian",Korban,Jumlah Kejadian,,,,,,51,1,,,
,,,,,"Mengungsi &
Terdampak",,,,,,,51,1,,,
(1),(2),(3),(4),(5),(6),(7),,,,,,51,1,,,
,,2104,LINGGA,2,-,2,,,,,,51,1,,,
,,2105,"KEPULAUAN
ANAMBAS",2,-,"2,5",,,,,,51,1,,,
,,2172,"KOTA TANJUNG
PINANG",1,-,1,,,,,,51,1,,,
32,JAWA BARAT,3204,BANDUNG,4,-,"8,7",,,,,,51,1,,,
,,3205,GARUT,1,-,2,,,,,,51,1,,,
,,3208,KUNINGAN,1,-,2,,,,,,51,1,,,
,,3209,CIREBON,3,-,9,,,,,,51,1,,,
,,3210,MAJALENGKA,2,-,"14,09",,,,,,51,1,,,
,,3213,SUBANG,4,-,23,,,,,,51,1,,,
,,3274,KOTA CIREBON,1,-,"1,5",,,,,,51,1,,,
33,JAWA TENGAH,3301,CILACAP,3,-,8,,,,,,51,1,,,
,,3302,BANYUMAS,4,-,32,,,,,,51,1,,,
,,3305,KEBUMEN,2,-,30,,,,,,51,1,,,
,,3306,PURWOREJO,1,-,6,,,,,,51,1,,,
,,3307,WONOSOBO,1,-,"1,3",,,,,,51,1,,,
,,3310,KLATEN,8,-,"19,4",,,,,,51,1,,,
,,3311,SUKOHARJO,3,-,32,,,,,,51,1,,,
,,3313,KARANGANYAR,1,-,"2,5",,,,,,51,1,,,
,,3314,SRAGEN,3,-,"5,5",,,,,,51,1,,,
,,3317,REMBANG,1,-,"3,5",,,,,,51,1,,,
,,3318,PATI,1,-,5,,,,,,51,1,,,
,,3319,KUDUS,1,-,10,,,,,,51,1,,,
,,3321,DEMAK,1,-,"3,5",,,,,,51,1,,,
,,3322,SEMARANG,4,-,"52,5",,,,,,51,1,,,
,,3324,KENDAL,2,-,3,,,,,,51,1,,,
,,3376,KOTA TEGAL,2,472,2,,,,,,51,1,,,
34,"DAERAH
ISTIMEWA
YOGYAKARTA",3401,KULON PROGO,14,-,"21,5",,,,,,51,1,,,
,,3404,SLEMAN,1,-,1,,,,,,51,1,,,
35,JAWA TIMUR,3501,PACITAN,2,-,7,,,,,,51,1,,,
,,3502,PONOROGO,19,-,6,,,,,,51,1,,,
,,3503,TRENGGALEK,14,-,12,,,,,,51,1,,,
,,3504,TULUNGAGUNG,1,-,,,,,,,51,1,,,
,,3505,BLITAR,4,-,4,,,,,,51,1,,,
,,3506,KEDIRI,1,-,,,,,,,51,1,,,
,,3507,MALANG,6,-,2,,,,,,51,1,,,
,,3508,LUMAJANG,1,-,,,,,,,51,1,,,
,,3509,JEMBER,3,-,,,,,,,51,1,,,
"Kode
Wilayah
Provinsi",Nama Provinsi,"Kode
Wilayah
Kabupaten
/ Kota","Nama Kabupaten
/ Kota","Jumlah
Kejadian",Korban,Jumlah Kejadian,,,,,,52,1,,,
,,,,,"Mengungsi &
Terdampak",,,,,,,52,1,,,
(1),(2),(3),(4),(5),(6),(7),,,,,,52,1,,,
,,3510,BANYUWANGI,9,-,10,,,,,,52,1,,,
,,3511,BONDOWOSO,15,-,2,,,,,,52,1,,,
,,3512,SITUBONDO,12,-,8,,,,,,52,1,,,
,,3513,PROBOLINGGO,10,-,,,,,,,52,1,,,
,,3514,PASURUAN,12,-,"37,8",,,,,,52,1,,,
,,3515,SIDOARJO,1,-,2,,,,,,52,1,,,
,,3516,MOJOKERTO,9,-,"4,6",,,,,,52,1,,,
,,3517,JOMBANG,7,-,16,,,,,,52,1,,,
,,3518,NGANJUK,1,-,2,,,,,,52,1,,,
,,3519,MADIUN,2,-,9,,,,,,52,1,,,
,,3520,MAGETAN,5,-,,,,,,,52,1,,,
,,3521,NGAWI,1,-,,,,,,,52,1,,,
,,3522,BOJONEGORO,2,-,4,,,,,,52,1,,,
,,3528,PAMEKASAN,1,-,1,,,,,,52,1,,,
,,3529,SUMENEP,1,-,3,,,,,,52,1,,,
,,3571,KOTA KEDIRI,2,-,,,,,,,52,1,,,
,,3577,KOTA MADIUN,1,-,1,,,,,,52,1,,,
,,3578,KOTA SURABAYA,2,-,7,,,,,,52,1,,,
,,3579,KOTA BATU,1,-,,,,,,,52,1,,,
36,BANTEN,3601,PANDEGLANG,2,-,16,,,,,,52,1,,,
,,3604,SERANG,1,-,1,,,,,,52,1,,,
,,3672,KOTA CILEGON,1,-,2,,,,,,52,1,,,
51,BALI,5106,BANGLI,1,-,2,,,,,,52,1,,,
,,5107,KARANGASEM,9,-,287,,,,,,52,1,,,
,,5108,BULELENG,1,-,3,,,,,,52,1,,,
52,"NUSA
TENGGARA
BARAT",5206,BIMA,2,-,,,,,,,52,1,,,
,,5208,LOMBOK UTARA,1,-,,,,,,,52,1,,,
53,"NUSA
TENGGARA
TIMUR",5312,SUMBA BARAT,2,111,2,,,,,,52,1,,,
,,5313,LEMBATA,7,-,11,,,,,,52,1,,,
,,5314,ROTE NDAO,2,-,5,,,,,,52,1,,,
,,5315,MANGGARAI BARAT,2,-,"58,5",,,,,,52,1,,,
,,5371,KOTA KUPANG,1,-,"6,96",,,,,,52,1,,,
61,"KALIMANTAN
BARAT",6101,SAMBAS,2,-,30,,,,,,52,1,,,
,,6104,KETAPANG,1,-,"2,5",,,,,,52,1,,,
,,6110,MELAWI,3,-,24,,,,,,52,1,,,
,,6111,KAYONG UTARA,1,-,"37,24",,,,,,52,1,,,
,,6112,KUBU RAYA,3,-,80,,,,,,52,1,,,
"Kode
Wilayah
Provinsi",Nama Provinsi,"Kode
Wilayah
Kabupaten
/ Kota","Nama Kabupaten
/ Kota","Jumlah
Kejadian",Korban,Jumlah Kejadian,,,,,,53,1,,,
,,,,,"Mengungsi &
Terdampak",,,,,,,53,1,,,
(1),(2),(3),(4),(5),(6),(7),,,,,,53,1,,,
62,"KALIMANTAN
TENGAH",6201,"KOTAWARINGIN
BARAT",1,-,"14,58",,,,,,53,1,,,
,,6202,"KOTAWARINGIN
TIMUR",1,-,"20,29",,,,,,53,1,,,
,,6204,BARITO SELATAN,1,-,"84,06",,,,,,53,1,,,
,,6205,BARITO UTARA,2,-,"50,01",,,,,,53,1,,,
,,6206,KATINGAN,1,-,"22,67",,,,,,53,1,,,
,,6207,SERUYAN,1,-,"7,28",,,,,,53,1,,,
,,6208,SUKAMARA,3,-,"348,68",,,,,,53,1,,,
,,6209,LAMANDAU,1,-,"2,57",,,,,,53,1,,,
,,6210,GUNUNG MAS,2,-,"40,12",,,,,,53,1,,,
,,6211,PULANG PISAU,1,-,"25,06",,,,,,53,1,,,
,,6212,MURUNG RAYA,1,-,"7,82",,,,,,53,1,,,
,,6271,"KOTA
PALANGKARAYA",2,-,"41,89",,,,,,53,1,,,
63,"KALIMANTAN
SELATAN",6301,TANAH LAUT,1,-,"3,3097",,,,,,53,1,,,
,,6303,BANJAR,3,-,"4,622",,,,,,53,1,,,
,,6304,BARITO KUALA,1,-,"5,5",,,,,,53,1,,,
,,6372,KOTA BANJARBARU,1,-,"10,086",,,,,,53,1,,,
64,"KALIMANTAN
TIMUR",6401,PASER,3,-,5,,,,,,53,1,,,
,,6402,"KUTAI
KARTANEGARA",30,-,1314,,,,,,53,1,,,
,,6403,BERAU,1,-,2,,,,,,53,1,,,
,,6407,KUTAI BARAT,14,-,"38,254",,,,,,53,1,,,
,,6408,KUTAI TIMUR,13,-,"32,5",,,,,,53,1,,,
,,6409,"PENAJAM PASER
UTARA",4,-,"6,798",,,,,,53,1,,,
,,6471,KOTA BALIKPAPAN,5,-,"8,14",,,,,,53,1,,,
,,6472,KOTA SAMARINDA,24,-,59,,,,,,53,1,,,
,,6474,KOTA BONTANG,13,-,"96,69",,,,,,53,1,,,
65,"KALIMANTAN
UTARA",6501,BULUNGAN,3,-,"131,5",,,,,,53,1,,,
72,"SULAWESI
TENGAH",7207,"BANGGAI
KEPULAUAN",1,-,,,,,,,53,1,,,
,,7212,MOROWALI UTARA,1,-,2,,,,,,53,1,,,
73,"SULAWESI
SELATAN",7315,PINRANG,3,-,40,,,,,,53,1,,,
81,MALUKU,8171,KOTA AMBON,1,-,2,,,,,,53,1,,,
"Kode
Wilayah
Provinsi",Nama Provinsi,"Jumlah
Kejadian",Korban,,,Kerusakan,,,,,,54,1,,,
,,,"Meninggal
& Hilang","Luka /
Sakit","Mengungsi &
Terdampak","Rumah
Rusak
Berat","Rumah
Rusak
Sedang","Rumah
Rusak
Ringan","Rumah
Terendam","Fasilitas
Pendidikan","Fasilitas
Peribadatan",54,1,"Fasilitas
Kesehatan",,
,,,(jiwa),,,(unit),,,,,,54,1,,,
(1),(2),(3),(4),(5),(6),(7),(8),(9),(10),(11),(12),54,1,(13),,
13,SUMATERA BARAT,3,-,-,571,3,3,17,59,-,-,54,1,-,,
14,RIAU,2,-,-,145,11,1,4,6,-,-,54,1,-,,
32,JAWA BARAT,1,3,-,71,,,,,-,-,54,1,-,,
52,"NUSA TENGGARA
BARAT",2,-,-,556,4,,,35,-,-,54,1,-,,
53,"NUSA TENGGARA
TIMUR",4,1,-,398,,7,34,27,-,-,54,1,-,,
64,"KALIMANTAN
TIMUR",1,-,1,48,5,-,7,-,-,-,54,1,-,,
71,SULAWESI UTARA,1,-,-,28,3,,3,,-,-,54,1,-,,
73,SULAWESI SELATAN,2,-,-,335,,,,,-,-,54,1,-,,
81,MALUKU,3,4,-,150,9,,,50,-,-,54,1,-,,
82,MALUKU UTARA,3,-,-,184,,,,35,-,-,54,1,-,,
91,P A P U A,2,-,-,402,,,43,36,-,1,54,1,-,,
92,PAPUA BARAT,2,-,-,669,,,,49,-,-,54,1,-,,
93,PAPUA SELATAN,1,-,-,795,7,,,204,1,1,54,1,-,,
"Kode
Wilayah
Provinsi","Nama
Provinsi","Kode
Wilayah
Kabupaten
/ Kota","Nama
Kabupaten/
Kota","Jumlah
Kejadian",Korban,,,Kerusakan,,,,55,1,,,
,,,,,"Meninggal
& Hilang","Luka /
Sakit","Mengungsi
&
Terdampak","Rumah
Rusak
Berat","Rumah
Rusak
Sedang","Rumah
Rusak
Ringan","Rumah
Terendam",55,1,"Fasilitas
Pendidikan","Fasilitas
Peribadatan","Fasilitas
Kesehatan"
,,,,,(jiwa),,,(unit),,,,55,1,,,
(1),(2),(4),(5),(6),(7),(8),(9),(10),(11),(12),(13),55,1,(14),(15),(16)
13,"SUMATERA
BARAT",1305,"PADANG
PARIAMAN",1,-,-,565,-,-,1,59,55,1,-,-,-
,,1309,"KEPULAUAN
MENTAWAI",1,-,,6,-,-,16,,55,1,-,-,-
,,1312,"PASAMAN
BARAT",1,-,,-,3,3,-,,55,1,-,-,-
14,RIAU,1404,"INDRAGIRI
HILIR",2,-,-,145,11,1,4,6,55,1,-,-,-
32,JAWA BARAT,3202,SUKABUMI,1,3,-,71,-,-,-,,55,1,-,-,-
52,"NUSA
TENGGARA
BARAT",5206,BIMA,1,-,-,416,-,-,-,,55,1,-,-,-
,,5271,"KOTA
MATARAM",1,-,-,140,4,-,-,35,55,1,-,-,-
53,"NUSA
TENGGARA
TIMUR",5307,SIKKA,1,1,-,-,-,-,-,,55,1,-,-,-
,,5308,ENDE,2,-,-,318,-,7,34,7,55,1,-,-,-
,,5313,LEMBATA,1,-,-,80,-,-,-,20,55,1,-,-,-
64,"KALIMANTAN
TIMUR",6403,BERAU,1,-,1,48,5,-,7,-,55,1,-,-,-
71,"SULAWESI
UTARA",7102,MINAHASA,1,-,-,28,3,-,3,,55,1,-,-,-
73,"SULAWESI
SELATAN",7302,BULUKUMBA,1,-,-,285,-,-,-,,55,1,-,-,-
,,7305,TAKALAR,1,-,-,50,-,-,-,,55,1,-,-,-
81,MALUKU,8101,"MALUKU
TENGAH",1,-,-,150,-,-,-,50,55,1,-,-,-
,,8108,"MALUKU
BARAT DAYA",1,4,-,-,-,-,-,,55,1,-,-,-
,,8172,KOTA TUAL,1,-,-,-,9,-,-,,55,1,-,-,-
82,"MALUKU
UTARA",8206,"HALMAHERA
TIMUR",2,-,-,125,-,-,-,25,55,1,-,-,-
,,8207,"PULAU
MOROTAI",1,-,-,59,-,-,-,10,55,1,-,-,-
91,P A P U A,9110,SARMI,1,-,-,232,-,-,23,16,55,1,-,1,-
,,9115,WAROPEN,1,-,-,170,-,-,20,20,55,1,-,-,-
92,PAPUA BARAT,9202,MANOKWARI,2,-,-,669,-,-,-,49,55,1,-,-,-
93,"PAPUA
SELATAN",9301,MERAUKE,1,0,0,795,7,0,0,204,55,1,1,1,0
"Kode
Wilayah
Provinsi","Nama
Provinsi","Jumlah
Kejadian",Korban,,,Kerusakan,,,,,,56,1,,,
,,,"Meninggal
& Hilang","Luka /
Sakit","Mengungsi
& Terdampak","Rumah
Rusak
Berat","Rumah
Rusak
Sedang","Rumah
Rusak
Ringan","Rumah
Terendam","Fasilitas
Pendidikan","Fasilitas
Peribadatan",56,1,"Fasilitas
Kesehatan",,
,,,(jiwa),,,(unit),,,,,,56,1,,,
(1),(2),(3),(4),(5),(6),(7),(8),(9),(10),(11),(12),56,1,(13),,
13,"SUMATERA
BARAT",3,42,2,6.406,176,12,48,235,-,1,56,1,-,,
53,"NUSA
TENGGARA
TIMUR",3,"13
Tabel L16.","63
Kejadian","51.910
Bencana Gunung","2.384
api Tahun","-
2023 Berdas","-
arkan Kabu","-
paten/Kota.",25,4,56,1,27,,
71,"SULAWESI
UTARA",1,-,-,24.314,-,-,363,-,-,-,56,1,-,,
82,"MALUKU
UTARA",1,-,-,8.527,-,-,-,-,-,-,56,1,-,,
"Kode
Wilayah
Provinsi","Nama
Provinsi","Kode
Wilayah
Kabupaten
/ Kota","Nama
Kabupaten/
Kota","Jumlah
Kejadian",Korban,,,Kerusakan,,,,56,2,,,
,,,,,"Meninggal
& Hilang","Luka /
Sakit","Mengungsi
& Terdampak","Rumah
Rusak
Berat","Rumah
Rusak
Sedang","Rumah
Rusak
Ringan","Rumah
Terendam",56,2,"Fasilitas
Pendidikan","Fasilitas
Peribadatan","Fasilitas
Kesehatan"
,,,,,(jiwa),,,(unit),,,,56,2,,,
(1),(2),(3),(4),(5),(6),(7),(8),(9),(10),(11),,56,2,(12),(13),(14)
13,"SUMATERA
BARAT",1304,TANAH DATAR,2,42,2,6.114,173,12,3,166,56,2,-,1,-
,,1306,AGAM,1,-,-,292,3,-,45,69,56,2,-,-,-
53,"NUSA
TENGGARA
TIMUR",5306,FLORES TIMUR,3,13,63,51.910,2.384,-,-,-,56,2,25,4,27
71,"SULAWESI
UTARA",7109,"KEP. SIAU
TAGULANDANG
BIARO",1,-,-,24.314,-,-,363,-,56,2,-,-,-
82,"MALUKU
UTARA",8201,"HALMAHERA
BARAT",1,-,-,7.790,-,-,-,-,56,2,-,-,-
,,8203,"HALMAHERA
UTARA",1,-,-,737,-,-,-,-,56,2,-,-,-
